vehicle_id,make,model,engine_type,battery_kwh,max_charge_kw,model_year
EV000000,Selva,Corta,BEV,42,85,2026
EV000001,Aurex,Lumen LR,BEV,77,150,2024
EV000002,Selva,Corta+,BEV,52,100,2019
EV000003,Selva,Corta PHV,PHEV,9,4,2023
EV000004,Marden,Ridge XL,BEV,105,250,2022
EV000005,Aurex,Lumen PHV,PHEV,14,7,2024
EV000006,Vantor,Arc GT,BEV,91,220,2020
EV000007,Vantor,Arc,BEV,64,135,2022
EV000008,Aurex,Lumen PHV,PHEV,14,7,2023
EV000009,Marden,Ridge XL,BEV,105,250,2020
EV000010,Marden,Ridge XL,BEV,105,250,2020
EV000011,Vantor,Arc GT,BEV,91,220,2025
EV000012,Vantor,Arc,BEV,64,135,2020
EV000013,Vantor,Arc,BEV,64,135,2020
EV000014,Aurex,Lumen PHV,PHEV,14,7,2026
EV000015,Vantor,Arc PHV,PHEV,11,7,2025
EV000016,Vantor,Arc GT,BEV,91,220,2026
EV000017,Aurex,Lumen PHV,PHEV,14,7,2019
EV000018,Vantor,Arc GT,BEV,91,220,2019
EV000019,Selva,Corta,BEV,42,85,2020
EV000020,Selva,Corta+,BEV,52,100,2025
EV000021,Vantor,Arc,BEV,64,135,2022
EV000022,Vantor,Arc,BEV,64,135,2019
EV000023,Vantor,Arc,BEV,64,135,2025
EV000024,Vantor,Arc,BEV,64,135,2021
EV000025,Selva,Corta,BEV,42,85,2019
EV000026,Aurex,Lumen,BEV,58,120,2026
EV000027,Marden,Ridge XL,BEV,105,250,2026
EV000028,Aurex,Lumen LR,BEV,77,150,2026
EV000029,Selva,Corta,BEV,42,85,2025
EV000030,Selva,Corta+,BEV,52,100,2022
EV000031,Aurex,Lumen LR,BEV,77,150,2024
EV000032,Vantor,Arc GT,BEV,91,220,2024
EV000033,Selva,Corta+,BEV,52,100,2022
EV000034,Selva,Corta+,BEV,52,100,2022
EV000035,Aurex,Lumen PHV,PHEV,14,7,2021
EV000036,Marden,Ridge XL,BEV,105,250,2025
EV000037,Aurex,Lumen LR,BEV,77,150,2024
EV000038,Marden,Ridge XL,BEV,105,250,2021
EV000039,Selva,Corta+,BEV,52,100,2019
EV000040,Marden,Ridge,BEV,82,175,2020
EV000041,Aurex,Lumen LR,BEV,77,150,2024
EV000042,Selva,Corta,BEV,42,85,2020
EV000043,Marden,Ridge,BEV,82,175,2023
EV000044,Marden,Ridge XL,BEV,105,250,2024
EV000045,Marden,Ridge XL,BEV,105,250,2026
EV000046,Aurex,Lumen LR,BEV,77,150,2023
EV000047,Marden,Ridge XL,BEV,105,250,2022
EV000048,Selva,Corta+,BEV,52,100,2026
EV000049,Marden,Ridge,BEV,82,175,2024
EV000050,Marden,Ridge XL,BEV,105,250,2020
EV000051,Vantor,Arc GT,BEV,91,220,2023
EV000052,Vantor,Arc PHV,PHEV,11,7,2025
EV000053,Aurex,Lumen PHV,PHEV,14,7,2023
EV000054,Marden,Ridge XL,BEV,105,250,2026
EV000055,Vantor,Arc GT,BEV,91,220,2025
EV000056,Selva,Corta,BEV,42,85,2024
EV000057,Aurex,Lumen LR,BEV,77,150,2025
EV000058,Marden,Ridge,BEV,82,175,2019
EV000059,Aurex,Lumen PHV,PHEV,14,7,2023
EV000060,Aurex,Lumen LR,BEV,77,150,2020
EV000061,Marden,Ridge,BEV,82,175,2026
EV000062,Marden,Ridge,BEV,82,175,2019
EV000063,Aurex,Lumen,BEV,58,120,2023
EV000064,Vantor,Arc PHV,PHEV,11,7,2021
EV000065,Selva,Corta,BEV,42,85,2020
EV000066,Vantor,Arc,BEV,64,135,2025
EV000067,Aurex,Lumen,BEV,58,120,2025
EV000068,Marden,Ridge XL,BEV,105,250,2020
EV000069,Vantor,Arc GT,BEV,91,220,2019
EV000070,Selva,Corta,BEV,42,85,2022
EV000071,Aurex,Lumen LR,BEV,77,150,2019
EV000072,Selva,Corta+,BEV,52,100,2019
EV000073,Vantor,Arc GT,BEV,91,220,2022
EV000074,Marden,Ridge XL,BEV,105,250,2024
EV000075,Marden,Ridge,BEV,82,175,2020
EV000076,Marden,Ridge,BEV,82,175,2019
EV000077,Vantor,Arc,BEV,64,135,2026
EV000078,Aurex,Lumen,BEV,58,120,2025
EV000079,Aurex,Lumen PHV,PHEV,14,7,2022
EV000080,Selva,Corta PHV,PHEV,9,4,2023
EV000081,Selva,Corta+,BEV,52,100,2021
EV000082,Vantor,Arc PHV,PHEV,11,7,2020
EV000083,Marden,Ridge,BEV,82,175,2020
EV000084,Selva,Corta+,BEV,52,100,2024
EV000085,Vantor,Arc GT,BEV,91,220,2026
EV000086,Vantor,Arc GT,BEV,91,220,2021
EV000087,Selva,Corta,BEV,42,85,2020
EV000088,Vantor,Arc,BEV,64,135,2023
EV000089,Vantor,Arc GT,BEV,91,220,2019
EV000090,Selva,Corta,BEV,42,85,2023
EV000091,Aurex,Lumen,BEV,58,120,2024
EV000092,Vantor,Arc GT,BEV,91,220,2021
EV000093,Vantor,Arc,BEV,64,135,2021
EV000094,Selva,Corta+,BEV,52,100,2022
EV000095,Marden,Ridge XL,BEV,105,250,2024
EV000096,Selva,Corta+,BEV,52,100,2025
EV000097,Marden,Ridge,BEV,82,175,2024
EV000098,Selva,Corta+,BEV,52,100,2025
EV000099,Vantor,Arc,BEV,64,135,2022
EV000100,Vantor,Arc GT,BEV,91,220,2025
EV000101,Marden,Ridge XL,BEV,105,250,2021
EV000102,Selva,Corta PHV,PHEV,9,4,2023
EV000103,Aurex,Lumen LR,BEV,77,150,2022
EV000104,Aurex,Lumen,BEV,58,120,2025
EV000105,Selva,Corta PHV,PHEV,9,4,2022
EV000106,Marden,Ridge XL,BEV,105,250,2020
EV000107,Selva,Corta+,BEV,52,100,2025
EV000108,Marden,Ridge XL,BEV,105,250,2026
EV000109,Selva,Corta+,BEV,52,100,2024
EV000110,Vantor,Arc PHV,PHEV,11,7,2019
EV000111,Vantor,Arc,BEV,64,135,2022
EV000112,Selva,Corta,BEV,42,85,2026
EV000113,Marden,Ridge,BEV,82,175,2019
EV000114,Aurex,Lumen LR,BEV,77,150,2025
EV000115,Marden,Ridge,BEV,82,175,2021
EV000116,Vantor,Arc,BEV,64,135,2022
EV000117,Marden,Ridge,BEV,82,175,2024
EV000118,Marden,Ridge XL,BEV,105,250,2025
EV000119,Vantor,Arc GT,BEV,91,220,2024
EV000120,Marden,Ridge PHV,PHEV,18,7,2026
EV000121,Selva,Corta+,BEV,52,100,2020
EV000122,Marden,Ridge,BEV,82,175,2020
EV000123,Aurex,Lumen,BEV,58,120,2022
EV000124,Aurex,Lumen LR,BEV,77,150,2024
EV000125,Marden,Ridge,BEV,82,175,2022
EV000126,Selva,Corta PHV,PHEV,9,4,2019
EV000127,Selva,Corta+,BEV,52,100,2022
EV000128,Vantor,Arc PHV,PHEV,11,7,2024
EV000129,Aurex,Lumen,BEV,58,120,2023
EV000130,Aurex,Lumen PHV,PHEV,14,7,2019
EV000131,Aurex,Lumen PHV,PHEV,14,7,2025
EV000132,Selva,Corta+,BEV,52,100,2024
EV000133,Vantor,Arc GT,BEV,91,220,2022
EV000134,Marden,Ridge,BEV,82,175,2019
EV000135,Vantor,Arc,BEV,64,135,2024
EV000136,Marden,Ridge,BEV,82,175,2022
EV000137,Marden,Ridge,BEV,82,175,2025
EV000138,Selva,Corta,BEV,42,85,2025
EV000139,Vantor,Arc,BEV,64,135,2024
EV000140,Aurex,Lumen,BEV,58,120,2021
EV000141,Aurex,Lumen LR,BEV,77,150,2019
EV000142,Marden,Ridge XL,BEV,105,250,2026
EV000143,Aurex,Lumen LR,BEV,77,150,2019
EV000144,Aurex,Lumen,BEV,58,120,2022
EV000145,Vantor,Arc,BEV,64,135,2021
EV000146,Selva,Corta,BEV,42,85,2020
EV000147,Selva,Corta+,BEV,52,100,2022
EV000148,Aurex,Lumen PHV,PHEV,14,7,2026
EV000149,Marden,Ridge XL,BEV,105,250,2021
EV000150,Marden,Ridge PHV,PHEV,18,7,2020
EV000151,Aurex,Lumen PHV,PHEV,14,7,2021
EV000152,Selva,Corta,BEV,42,85,2023
EV000153,Aurex,Lumen LR,BEV,77,150,2020
EV000154,Selva,Corta PHV,PHEV,9,4,2026
EV000155,Vantor,Arc,BEV,64,135,2020
EV000156,Selva,Corta+,BEV,52,100,2026
EV000157,Vantor,Arc,BEV,64,135,2022
EV000158,Marden,Ridge XL,BEV,105,250,2023
EV000159,Aurex,Lumen LR,BEV,77,150,2021
EV000160,Vantor,Arc GT,BEV,91,220,2020
EV000161,Vantor,Arc,BEV,64,135,2021
EV000162,Marden,Ridge XL,BEV,105,250,2023
EV000163,Selva,Corta+,BEV,52,100,2024
EV000164,Selva,Corta+,BEV,52,100,2021
EV000165,Vantor,Arc,BEV,64,135,2019
EV000166,Aurex,Lumen LR,BEV,77,150,2021
EV000167,Marden,Ridge XL,BEV,105,250,2026
EV000168,Marden,Ridge XL,BEV,105,250,2021
EV000169,Marden,Ridge,BEV,82,175,2025
EV000170,Marden,Ridge PHV,PHEV,18,7,2020
EV000171,Selva,Corta+,BEV,52,100,2020
EV000172,Aurex,Lumen LR,BEV,77,150,2019
EV000173,Selva,Corta+,BEV,52,100,2023
EV000174,Vantor,Arc,BEV,64,135,2025
EV000175,Selva,Corta,BEV,42,85,2022
EV000176,Selva,Corta,BEV,42,85,2019
EV000177,Selva,Corta+,BEV,52,100,2026
EV000178,Vantor,Arc PHV,PHEV,11,7,2023
EV000179,Marden,Ridge XL,BEV,105,250,2025
EV000180,Vantor,Arc GT,BEV,91,220,2021
EV000181,Marden,Ridge XL,BEV,105,250,2020
EV000182,Marden,Ridge XL,BEV,105,250,2024
EV000183,Marden,Ridge XL,BEV,105,250,2026
EV000184,Selva,Corta+,BEV,52,100,2023
EV000185,Aurex,Lumen PHV,PHEV,14,7,2022
EV000186,Selva,Corta,BEV,42,85,2022
EV000187,Aurex,Lumen,BEV,58,120,2020
EV000188,Vantor,Arc,BEV,64,135,2025
EV000189,Marden,Ridge,BEV,82,175,2023
EV000190,Vantor,Arc GT,BEV,91,220,2023
EV000191,Vantor,Arc GT,BEV,91,220,2019
EV000192,Vantor,Arc GT,BEV,91,220,2026
EV000193,Aurex,Lumen LR,BEV,77,150,2022
EV000194,Aurex,Lumen,BEV,58,120,2023
EV000195,Aurex,Lumen,BEV,58,120,2024
EV000196,Marden,Ridge,BEV,82,175,2026
EV000197,Vantor,Arc,BEV,64,135,2026
EV000198,Selva,Corta,BEV,42,85,2025
EV000199,Selva,Corta PHV,PHEV,9,4,2023
EV000200,Selva,Corta+,BEV,52,100,2024
EV000201,Marden,Ridge XL,BEV,105,250,2024
EV000202,Marden,Ridge XL,BEV,105,250,2021
EV000203,Selva,Corta PHV,PHEV,9,4,2026
EV000204,Aurex,Lumen,BEV,58,120,2022
EV000205,Vantor,Arc GT,BEV,91,220,2026
EV000206,Selva,Corta PHV,PHEV,9,4,2019
EV000207,Selva,Corta,BEV,42,85,2021
EV000208,Selva,Corta PHV,PHEV,9,4,2024
EV000209,Aurex,Lumen LR,BEV,77,150,2024
EV000210,Aurex,Lumen,BEV,58,120,2024
EV000211,Aurex,Lumen PHV,PHEV,14,7,2021
EV000212,Vantor,Arc GT,BEV,91,220,2025
EV000213,Selva,Corta,BEV,42,85,2019
EV000214,Selva,Corta PHV,PHEV,9,4,2019
EV000215,Vantor,Arc,BEV,64,135,2025
EV000216,Marden,Ridge PHV,PHEV,18,7,2020
EV000217,Vantor,Arc GT,BEV,91,220,2026
EV000218,Vantor,Arc,BEV,64,135,2024
EV000219,Vantor,Arc,BEV,64,135,2020
EV000220,Selva,Corta,BEV,42,85,2024
EV000221,Selva,Corta,BEV,42,85,2023
EV000222,Aurex,Lumen PHV,PHEV,14,7,2019
EV000223,Aurex,Lumen,BEV,58,120,2021
EV000224,Aurex,Lumen,BEV,58,120,2019
EV000225,Aurex,Lumen LR,BEV,77,150,2019
EV000226,Selva,Corta+,BEV,52,100,2021
EV000227,Marden,Ridge XL,BEV,105,250,2020
EV000228,Selva,Corta,BEV,42,85,2021
EV000229,Selva,Corta+,BEV,52,100,2021
EV000230,Selva,Corta+,BEV,52,100,2019
EV000231,Aurex,Lumen,BEV,58,120,2025
EV000232,Vantor,Arc,BEV,64,135,2019
EV000233,Marden,Ridge PHV,PHEV,18,7,2023
EV000234,Vantor,Arc GT,BEV,91,220,2020
EV000235,Selva,Corta PHV,PHEV,9,4,2023
EV000236,Selva,Corta,BEV,42,85,2019
EV000237,Vantor,Arc,BEV,64,135,2024
EV000238,Aurex,Lumen,BEV,58,120,2020
EV000239,Vantor,Arc,BEV,64,135,2026
EV000240,Vantor,Arc,BEV,64,135,2019
EV000241,Selva,Corta,BEV,42,85,2025
EV000242,Selva,Corta,BEV,42,85,2021
EV000243,Selva,Corta+,BEV,52,100,2020
EV000244,Selva,Corta,BEV,42,85,2024
EV000245,Aurex,Lumen,BEV,58,120,2026
EV000246,Vantor,Arc,BEV,64,135,2024
EV000247,Selva,Corta PHV,PHEV,9,4,2026
EV000248,Aurex,Lumen,BEV,58,120,2023
EV000249,Marden,Ridge,BEV,82,175,2026
EV000250,Selva,Corta,BEV,42,85,2022
EV000251,Marden,Ridge,BEV,82,175,2024
EV000252,Vantor,Arc GT,BEV,91,220,2020
EV000253,Vantor,Arc GT,BEV,91,220,2024
EV000254,Selva,Corta,BEV,42,85,2019
EV000255,Vantor,Arc PHV,PHEV,11,7,2021
EV000256,Vantor,Arc GT,BEV,91,220,2020
EV000257,Aurex,Lumen,BEV,58,120,2019
EV000258,Aurex,Lumen,BEV,58,120,2026
EV000259,Aurex,Lumen PHV,PHEV,14,7,2020
EV000260,Vantor,Arc,BEV,64,135,2025
EV000261,Aurex,Lumen LR,BEV,77,150,2024
EV000262,Selva,Corta+,BEV,52,100,2023
EV000263,Marden,Ridge XL,BEV,105,250,2026
EV000264,Selva,Corta+,BEV,52,100,2023
EV000265,Aurex,Lumen LR,BEV,77,150,2026
EV000266,Vantor,Arc GT,BEV,91,220,2024
EV000267,Vantor,Arc,BEV,64,135,2019
EV000268,Aurex,Lumen,BEV,58,120,2025
EV000269,Selva,Corta PHV,PHEV,9,4,2023
EV000270,Selva,Corta,BEV,42,85,2020
EV000271,Aurex,Lumen LR,BEV,77,150,2019
EV000272,Aurex,Lumen PHV,PHEV,14,7,2025
EV000273,Marden,Ridge PHV,PHEV,18,7,2024
EV000274,Marden,Ridge XL,BEV,105,250,2024
EV000275,Vantor,Arc,BEV,64,135,2022
EV000276,Aurex,Lumen LR,BEV,77,150,2021
EV000277,Selva,Corta,BEV,42,85,2023
EV000278,Selva,Corta+,BEV,52,100,2021
EV000279,Aurex,Lumen PHV,PHEV,14,7,2024
EV000280,Selva,Corta PHV,PHEV,9,4,2020
EV000281,Vantor,Arc PHV,PHEV,11,7,2025
EV000282,Vantor,Arc GT,BEV,91,220,2023
EV000283,Selva,Corta+,BEV,52,100,2020
EV000284,Aurex,Lumen LR,BEV,77,150,2026
EV000285,Selva,Corta,BEV,42,85,2023
EV000286,Aurex,Lumen,BEV,58,120,2025
EV000287,Aurex,Lumen LR,BEV,77,150,2025
EV000288,Aurex,Lumen LR,BEV,77,150,2020
EV000289,Vantor,Arc,BEV,64,135,2023
EV000290,Vantor,Arc,BEV,64,135,2019
EV000291,Marden,Ridge,BEV,82,175,2023
EV000292,Aurex,Lumen,BEV,58,120,2021
EV000293,Aurex,Lumen LR,BEV,77,150,2025
EV000294,Marden,Ridge,BEV,82,175,2020
EV000295,Marden,Ridge,BEV,82,175,2023
EV000296,Marden,Ridge,BEV,82,175,2020
EV000297,Marden,Ridge,BEV,82,175,2026
EV000298,Marden,Ridge,BEV,82,175,2024
EV000299,Selva,Corta+,BEV,52,100,2023
EV000300,Marden,Ridge,BEV,82,175,2021
EV000301,Aurex,Lumen,BEV,58,120,2020
EV000302,Aurex,Lumen LR,BEV,77,150,2023
EV000303,Marden,Ridge,BEV,82,175,2019
EV000304,Aurex,Lumen LR,BEV,77,150,2021
EV000305,Selva,Corta,BEV,42,85,2019
EV000306,Vantor,Arc,BEV,64,135,2026
EV000307,Vantor,Arc GT,BEV,91,220,2024
EV000308,Marden,Ridge XL,BEV,105,250,2023
EV000309,Marden,Ridge,BEV,82,175,2024
EV000310,Selva,Corta,BEV,42,85,2020
EV000311,Vantor,Arc,BEV,64,135,2025
EV000312,Marden,Ridge XL,BEV,105,250,2025
EV000313,Marden,Ridge,BEV,82,175,2024
EV000314,Selva,Corta,BEV,42,85,2021
EV000315,Marden,Ridge XL,BEV,105,250,2021
EV000316,Marden,Ridge,BEV,82,175,2022
EV000317,Marden,Ridge PHV,PHEV,18,7,2026
EV000318,Marden,Ridge,BEV,82,175,2021
EV000319,Aurex,Lumen PHV,PHEV,14,7,2025
EV000320,Selva,Corta+,BEV,52,100,2022
EV000321,Marden,Ridge,BEV,82,175,2025
EV000322,Marden,Ridge XL,BEV,105,250,2021
EV000323,Aurex,Lumen,BEV,58,120,2021
EV000324,Selva,Corta,BEV,42,85,2021
EV000325,Selva,Corta+,BEV,52,100,2021
EV000326,Aurex,Lumen,BEV,58,120,2020
EV000327,Marden,Ridge XL,BEV,105,250,2021
EV000328,Marden,Ridge,BEV,82,175,2026
EV000329,Selva,Corta PHV,PHEV,9,4,2019
EV000330,Vantor,Arc GT,BEV,91,220,2020
EV000331,Selva,Corta,BEV,42,85,2021
EV000332,Vantor,Arc PHV,PHEV,11,7,2021
EV000333,Vantor,Arc GT,BEV,91,220,2025
EV000334,Marden,Ridge XL,BEV,105,250,2022
EV000335,Vantor,Arc GT,BEV,91,220,2025
EV000336,Vantor,Arc GT,BEV,91,220,2019
EV000337,Vantor,Arc,BEV,64,135,2024
EV000338,Aurex,Lumen LR,BEV,77,150,2020
EV000339,Vantor,Arc GT,BEV,91,220,2026
EV000340,Aurex,Lumen LR,BEV,77,150,2022
EV000341,Marden,Ridge XL,BEV,105,250,2024
EV000342,Marden,Ridge PHV,PHEV,18,7,2023
EV000343,Aurex,Lumen,BEV,58,120,2021
EV000344,Aurex,Lumen,BEV,58,120,2023
EV000345,Aurex,Lumen,BEV,58,120,2024
EV000346,Vantor,Arc PHV,PHEV,11,7,2021
EV000347,Aurex,Lumen,BEV,58,120,2024
EV000348,Marden,Ridge,BEV,82,175,2024
EV000349,Vantor,Arc,BEV,64,135,2025
EV000350,Aurex,Lumen LR,BEV,77,150,2024
EV000351,Vantor,Arc,BEV,64,135,2022
EV000352,Marden,Ridge,BEV,82,175,2021
EV000353,Aurex,Lumen,BEV,58,120,2022
EV000354,Marden,Ridge XL,BEV,105,250,2020
EV000355,Selva,Corta+,BEV,52,100,2020
EV000356,Vantor,Arc,BEV,64,135,2024
EV000357,Aurex,Lumen LR,BEV,77,150,2025
EV000358,Marden,Ridge,BEV,82,175,2022
EV000359,Selva,Corta+,BEV,52,100,2025
EV000360,Vantor,Arc,BEV,64,135,2025
EV000361,Vantor,Arc GT,BEV,91,220,2019
EV000362,Selva,Corta,BEV,42,85,2019
EV000363,Vantor,Arc PHV,PHEV,11,7,2026
EV000364,Selva,Corta,BEV,42,85,2023
EV000365,Marden,Ridge XL,BEV,105,250,2022
EV000366,Selva,Corta+,BEV,52,100,2021
EV000367,Selva,Corta+,BEV,52,100,2020
EV000368,Selva,Corta,BEV,42,85,2020
EV000369,Marden,Ridge,BEV,82,175,2023
EV000370,Selva,Corta,BEV,42,85,2025
EV000371,Marden,Ridge,BEV,82,175,2021
EV000372,Aurex,Lumen LR,BEV,77,150,2020
EV000373,Vantor,Arc,BEV,64,135,2021
EV000374,Aurex,Lumen PHV,PHEV,14,7,2025
EV000375,Vantor,Arc GT,BEV,91,220,2025
EV000376,Marden,Ridge XL,BEV,105,250,2025
EV000377,Selva,Corta PHV,PHEV,9,4,2023
EV000378,Selva,Corta+,BEV,52,100,2026
EV000379,Aurex,Lumen,BEV,58,120,2023
EV000380,Marden,Ridge,BEV,82,175,2019
EV000381,Marden,Ridge,BEV,82,175,2023
EV000382,Vantor,Arc,BEV,64,135,2020
EV000383,Marden,Ridge XL,BEV,105,250,2026
EV000384,Selva,Corta,BEV,42,85,2019
EV000385,Aurex,Lumen,BEV,58,120,2024
EV000386,Aurex,Lumen,BEV,58,120,2021
EV000387,Vantor,Arc,BEV,64,135,2020
EV000388,Selva,Corta+,BEV,52,100,2026
EV000389,Marden,Ridge XL,BEV,105,250,2023
EV000390,Aurex,Lumen,BEV,58,120,2024
EV000391,Aurex,Lumen,BEV,58,120,2025
EV000392,Selva,Corta+,BEV,52,100,2020
EV000393,Vantor,Arc GT,BEV,91,220,2026
EV000394,Selva,Corta,BEV,42,85,2019
EV000395,Marden,Ridge XL,BEV,105,250,2019
EV000396,Vantor,Arc PHV,PHEV,11,7,2024
EV000397,Selva,Corta PHV,PHEV,9,4,2019
EV000398,Marden,Ridge XL,BEV,105,250,2023
EV000399,Aurex,Lumen,BEV,58,120,2025
EV000400,Aurex,Lumen LR,BEV,77,150,2019
EV000401,Selva,Corta+,BEV,52,100,2020
EV000402,Selva,Corta PHV,PHEV,9,4,2023
EV000403,Aurex,Lumen,BEV,58,120,2022
EV000404,Selva,Corta,BEV,42,85,2020
EV000405,Vantor,Arc GT,BEV,91,220,2024
EV000406,Vantor,Arc GT,BEV,91,220,2021
EV000407,Vantor,Arc,BEV,64,135,2023
EV000408,Vantor,Arc,BEV,64,135,2019
EV000409,Vantor,Arc,BEV,64,135,2023
EV000410,Aurex,Lumen,BEV,58,120,2026
EV000411,Selva,Corta+,BEV,52,100,2020
EV000412,Selva,Corta,BEV,42,85,2022
EV000413,Marden,Ridge,BEV,82,175,2020
EV000414,Selva,Corta+,BEV,52,100,2023
EV000415,Selva,Corta PHV,PHEV,9,4,2022
EV000416,Vantor,Arc GT,BEV,91,220,2020
EV000417,Aurex,Lumen PHV,PHEV,14,7,2021
EV000418,Vantor,Arc GT,BEV,91,220,2022
EV000419,Marden,Ridge,BEV,82,175,2019
EV000420,Marden,Ridge XL,BEV,105,250,2024
EV000421,Vantor,Arc GT,BEV,91,220,2021
EV000422,Selva,Corta,BEV,42,85,2024
EV000423,Selva,Corta+,BEV,52,100,2026
EV000424,Aurex,Lumen LR,BEV,77,150,2026
EV000425,Selva,Corta,BEV,42,85,2022
EV000426,Aurex,Lumen,BEV,58,120,2020
EV000427,Vantor,Arc,BEV,64,135,2022
EV000428,Selva,Corta+,BEV,52,100,2020
EV000429,Marden,Ridge PHV,PHEV,18,7,2025
EV000430,Marden,Ridge PHV,PHEV,18,7,2022
EV000431,Vantor,Arc,BEV,64,135,2025
EV000432,Aurex,Lumen LR,BEV,77,150,2021
EV000433,Selva,Corta,BEV,42,85,2020
EV000434,Selva,Corta,BEV,42,85,2025
EV000435,Vantor,Arc GT,BEV,91,220,2020
EV000436,Marden,Ridge XL,BEV,105,250,2021
EV000437,Marden,Ridge,BEV,82,175,2025
EV000438,Selva,Corta+,BEV,52,100,2021
EV000439,Selva,Corta+,BEV,52,100,2025
EV000440,Selva,Corta+,BEV,52,100,2023
EV000441,Marden,Ridge,BEV,82,175,2020
EV000442,Vantor,Arc PHV,PHEV,11,7,2023
EV000443,Selva,Corta PHV,PHEV,9,4,2020
EV000444,Marden,Ridge PHV,PHEV,18,7,2021
EV000445,Marden,Ridge XL,BEV,105,250,2019
EV000446,Aurex,Lumen,BEV,58,120,2019
EV000447,Selva,Corta,BEV,42,85,2019
EV000448,Marden,Ridge XL,BEV,105,250,2024
EV000449,Vantor,Arc,BEV,64,135,2020
EV000450,Selva,Corta+,BEV,52,100,2019
EV000451,Aurex,Lumen,BEV,58,120,2020
EV000452,Aurex,Lumen LR,BEV,77,150,2025
EV000453,Vantor,Arc GT,BEV,91,220,2026
EV000454,Aurex,Lumen,BEV,58,120,2020
EV000455,Vantor,Arc GT,BEV,91,220,2023
EV000456,Vantor,Arc,BEV,64,135,2021
EV000457,Marden,Ridge XL,BEV,105,250,2020
EV000458,Vantor,Arc,BEV,64,135,2023
EV000459,Vantor,Arc GT,BEV,91,220,2025
EV000460,Marden,Ridge XL,BEV,105,250,2026
EV000461,Selva,Corta+,BEV,52,100,2019
EV000462,Aurex,Lumen,BEV,58,120,2022
EV000463,Vantor,Arc,BEV,64,135,2025
EV000464,Selva,Corta+,BEV,52,100,2022
EV000465,Aurex,Lumen LR,BEV,77,150,2020
EV000466,Vantor,Arc,BEV,64,135,2022
EV000467,Selva,Corta+,BEV,52,100,2021
EV000468,Selva,Corta,BEV,42,85,2019
EV000469,Vantor,Arc,BEV,64,135,2024
EV000470,Selva,Corta+,BEV,52,100,2021
EV000471,Selva,Corta+,BEV,52,100,2021
EV000472,Aurex,Lumen,BEV,58,120,2026
EV000473,Vantor,Arc,BEV,64,135,2023
EV000474,Vantor,Arc,BEV,64,135,2026
EV000475,Aurex,Lumen PHV,PHEV,14,7,2022
EV000476,Aurex,Lumen,BEV,58,120,2021
EV000477,Vantor,Arc GT,BEV,91,220,2025
EV000478,Aurex,Lumen LR,BEV,77,150,2026
EV000479,Marden,Ridge,BEV,82,175,2021
EV000480,Marden,Ridge XL,BEV,105,250,2019
EV000481,Aurex,Lumen,BEV,58,120,2026
EV000482,Marden,Ridge XL,BEV,105,250,2024
EV000483,Marden,Ridge,BEV,82,175,2022
EV000484,Aurex,Lumen LR,BEV,77,150,2019
EV000485,Vantor,Arc PHV,PHEV,11,7,2023
EV000486,Vantor,Arc,BEV,64,135,2022
EV000487,Marden,Ridge XL,BEV,105,250,2022
EV000488,Aurex,Lumen,BEV,58,120,2022
EV000489,Selva,Corta,BEV,42,85,2024
EV000490,Selva,Corta,BEV,42,85,2022
EV000491,Aurex,Lumen PHV,PHEV,14,7,2026
EV000492,Marden,Ridge XL,BEV,105,250,2026
EV000493,Selva,Corta+,BEV,52,100,2019
EV000494,Aurex,Lumen,BEV,58,120,2021
EV000495,Vantor,Arc GT,BEV,91,220,2026
EV000496,Vantor,Arc GT,BEV,91,220,2019
EV000497,Marden,Ridge PHV,PHEV,18,7,2021
EV000498,Marden,Ridge,BEV,82,175,2019
EV000499,Vantor,Arc GT,BEV,91,220,2022
EV000500,Vantor,Arc GT,BEV,91,220,2024
EV000501,Marden,Ridge XL,BEV,105,250,2020
EV000502,Aurex,Lumen,BEV,58,120,2020
EV000503,Marden,Ridge XL,BEV,105,250,2019
EV000504,Marden,Ridge,BEV,82,175,2019
EV000505,Selva,Corta,BEV,42,85,2025
EV000506,Marden,Ridge,BEV,82,175,2020
EV000507,Vantor,Arc GT,BEV,91,220,2019
EV000508,Aurex,Lumen LR,BEV,77,150,2026
EV000509,Vantor,Arc GT,BEV,91,220,2021
EV000510,Aurex,Lumen,BEV,58,120,2022
EV000511,Aurex,Lumen,BEV,58,120,2021
EV000512,Selva,Corta,BEV,42,85,2020
EV000513,Marden,Ridge XL,BEV,105,250,2024
EV000514,Aurex,Lumen LR,BEV,77,150,2024
EV000515,Selva,Corta,BEV,42,85,2021
EV000516,Marden,Ridge PHV,PHEV,18,7,2022
EV000517,Marden,Ridge XL,BEV,105,250,2019
EV000518,Aurex,Lumen PHV,PHEV,14,7,2023
EV000519,Marden,Ridge,BEV,82,175,2022
EV000520,Selva,Corta+,BEV,52,100,2026
EV000521,Selva,Corta+,BEV,52,100,2021
EV000522,Selva,Corta+,BEV,52,100,2024
EV000523,Selva,Corta,BEV,42,85,2021
EV000524,Vantor,Arc GT,BEV,91,220,2023
EV000525,Vantor,Arc,BEV,64,135,2021
EV000526,Aurex,Lumen,BEV,58,120,2026
EV000527,Vantor,Arc GT,BEV,91,220,2022
EV000528,Marden,Ridge XL,BEV,105,250,2023
EV000529,Selva,Corta+,BEV,52,100,2019
EV000530,Aurex,Lumen LR,BEV,77,150,2022
EV000531,Marden,Ridge XL,BEV,105,250,2026
EV000532,Aurex,Lumen,BEV,58,120,2025
EV000533,Vantor,Arc PHV,PHEV,11,7,2023
EV000534,Selva,Corta+,BEV,52,100,2026
EV000535,Selva,Corta+,BEV,52,100,2020
EV000536,Vantor,Arc GT,BEV,91,220,2024
EV000537,Marden,Ridge XL,BEV,105,250,2022
EV000538,Aurex,Lumen,BEV,58,120,2021
EV000539,Aurex,Lumen,BEV,58,120,2026
EV000540,Selva,Corta,BEV,42,85,2022
EV000541,Vantor,Arc,BEV,64,135,2023
EV000542,Vantor,Arc GT,BEV,91,220,2019
EV000543,Selva,Corta,BEV,42,85,2020
EV000544,Aurex,Lumen,BEV,58,120,2020
EV000545,Marden,Ridge PHV,PHEV,18,7,2024
EV000546,Marden,Ridge,BEV,82,175,2025
EV000547,Aurex,Lumen,BEV,58,120,2022
EV000548,Marden,Ridge,BEV,82,175,2022
EV000549,Selva,Corta,BEV,42,85,2024
EV000550,Marden,Ridge,BEV,82,175,2025
EV000551,Marden,Ridge,BEV,82,175,2025
EV000552,Marden,Ridge PHV,PHEV,18,7,2024
EV000553,Aurex,Lumen LR,BEV,77,150,2019
EV000554,Marden,Ridge PHV,PHEV,18,7,2023
EV000555,Selva,Corta,BEV,42,85,2020
EV000556,Aurex,Lumen LR,BEV,77,150,2025
EV000557,Vantor,Arc GT,BEV,91,220,2023
EV000558,Vantor,Arc GT,BEV,91,220,2022
EV000559,Aurex,Lumen PHV,PHEV,14,7,2019
EV000560,Selva,Corta,BEV,42,85,2024
EV000561,Aurex,Lumen,BEV,58,120,2023
EV000562,Marden,Ridge,BEV,82,175,2022
EV000563,Selva,Corta,BEV,42,85,2020
EV000564,Marden,Ridge XL,BEV,105,250,2021
EV000565,Aurex,Lumen,BEV,58,120,2025
EV000566,Marden,Ridge XL,BEV,105,250,2025
EV000567,Aurex,Lumen PHV,PHEV,14,7,2025
EV000568,Aurex,Lumen,BEV,58,120,2019
EV000569,Selva,Corta,BEV,42,85,2020
EV000570,Aurex,Lumen LR,BEV,77,150,2026
EV000571,Selva,Corta,BEV,42,85,2019
EV000572,Aurex,Lumen,BEV,58,120,2026
EV000573,Aurex,Lumen PHV,PHEV,14,7,2024
EV000574,Aurex,Lumen LR,BEV,77,150,2025
EV000575,Marden,Ridge,BEV,82,175,2022
EV000576,Marden,Ridge,BEV,82,175,2022
EV000577,Vantor,Arc,BEV,64,135,2021
EV000578,Aurex,Lumen LR,BEV,77,150,2022
EV000579,Vantor,Arc PHV,PHEV,11,7,2026
EV000580,Aurex,Lumen,BEV,58,120,2022
EV000581,Vantor,Arc,BEV,64,135,2019
EV000582,Vantor,Arc GT,BEV,91,220,2022
EV000583,Selva,Corta+,BEV,52,100,2019
EV000584,Vantor,Arc GT,BEV,91,220,2020
EV000585,Aurex,Lumen LR,BEV,77,150,2020
EV000586,Selva,Corta+,BEV,52,100,2025
EV000587,Marden,Ridge,BEV,82,175,2021
EV000588,Marden,Ridge,BEV,82,175,2026
EV000589,Selva,Corta,BEV,42,85,2024
EV000590,Vantor,Arc,BEV,64,135,2023
EV000591,Aurex,Lumen,BEV,58,120,2020
EV000592,Selva,Corta,BEV,42,85,2025
EV000593,Selva,Corta+,BEV,52,100,2024
EV000594,Selva,Corta,BEV,42,85,2021
EV000595,Selva,Corta PHV,PHEV,9,4,2021
EV000596,Aurex,Lumen LR,BEV,77,150,2025
EV000597,Marden,Ridge XL,BEV,105,250,2024
EV000598,Marden,Ridge,BEV,82,175,2026
EV000599,Aurex,Lumen PHV,PHEV,14,7,2023
EV000600,Vantor,Arc PHV,PHEV,11,7,2024
EV000601,Vantor,Arc,BEV,64,135,2025
EV000602,Vantor,Arc PHV,PHEV,11,7,2026
EV000603,Vantor,Arc GT,BEV,91,220,2020
EV000604,Marden,Ridge,BEV,82,175,2024
EV000605,Selva,Corta PHV,PHEV,9,4,2022
EV000606,Selva,Corta+,BEV,52,100,2024
EV000607,Selva,Corta+,BEV,52,100,2019
EV000608,Aurex,Lumen,BEV,58,120,2022
EV000609,Selva,Corta+,BEV,52,100,2026
EV000610,Vantor,Arc,BEV,64,135,2019
EV000611,Vantor,Arc GT,BEV,91,220,2020
EV000612,Vantor,Arc GT,BEV,91,220,2020
EV000613,Marden,Ridge PHV,PHEV,18,7,2025
EV000614,Selva,Corta+,BEV,52,100,2025
EV000615,Marden,Ridge,BEV,82,175,2023
EV000616,Aurex,Lumen LR,BEV,77,150,2020
EV000617,Vantor,Arc,BEV,64,135,2026
EV000618,Aurex,Lumen PHV,PHEV,14,7,2024
EV000619,Aurex,Lumen LR,BEV,77,150,2022
EV000620,Selva,Corta PHV,PHEV,9,4,2020
EV000621,Vantor,Arc GT,BEV,91,220,2023
EV000622,Vantor,Arc GT,BEV,91,220,2025
EV000623,Selva,Corta,BEV,42,85,2021
EV000624,Selva,Corta,BEV,42,85,2026
EV000625,Selva,Corta,BEV,42,85,2025
EV000626,Vantor,Arc GT,BEV,91,220,2023
EV000627,Marden,Ridge,BEV,82,175,2023
EV000628,Vantor,Arc,BEV,64,135,2019
EV000629,Aurex,Lumen LR,BEV,77,150,2019
EV000630,Vantor,Arc GT,BEV,91,220,2024
EV000631,Aurex,Lumen,BEV,58,120,2019
EV000632,Selva,Corta,BEV,42,85,2022
EV000633,Selva,Corta,BEV,42,85,2020
EV000634,Marden,Ridge XL,BEV,105,250,2025
EV000635,Aurex,Lumen LR,BEV,77,150,2025
EV000636,Vantor,Arc GT,BEV,91,220,2020
EV000637,Marden,Ridge XL,BEV,105,250,2022
EV000638,Vantor,Arc GT,BEV,91,220,2021
EV000639,Marden,Ridge XL,BEV,105,250,2019
EV000640,Marden,Ridge,BEV,82,175,2026
EV000641,Aurex,Lumen,BEV,58,120,2024
EV000642,Vantor,Arc GT,BEV,91,220,2025
EV000643,Marden,Ridge XL,BEV,105,250,2021
EV000644,Selva,Corta,BEV,42,85,2026
EV000645,Marden,Ridge,BEV,82,175,2019
EV000646,Marden,Ridge PHV,PHEV,18,7,2023
EV000647,Marden,Ridge,BEV,82,175,2019
EV000648,Selva,Corta+,BEV,52,100,2024
EV000649,Marden,Ridge XL,BEV,105,250,2023
EV000650,Vantor,Arc GT,BEV,91,220,2026
EV000651,Aurex,Lumen,BEV,58,120,2025
EV000652,Vantor,Arc,BEV,64,135,2024
EV000653,Selva,Corta+,BEV,52,100,2022
EV000654,Selva,Corta PHV,PHEV,9,4,2019
EV000655,Selva,Corta+,BEV,52,100,2026
EV000656,Vantor,Arc,BEV,64,135,2020
EV000657,Marden,Ridge PHV,PHEV,18,7,2019
EV000658,Vantor,Arc GT,BEV,91,220,2019
EV000659,Vantor,Arc,BEV,64,135,2025
EV000660,Selva,Corta+,BEV,52,100,2019
EV000661,Vantor,Arc GT,BEV,91,220,2021
EV000662,Aurex,Lumen LR,BEV,77,150,2019
EV000663,Marden,Ridge,BEV,82,175,2025
EV000664,Marden,Ridge,BEV,82,175,2022
EV000665,Marden,Ridge PHV,PHEV,18,7,2024
EV000666,Aurex,Lumen LR,BEV,77,150,2023
EV000667,Vantor,Arc PHV,PHEV,11,7,2023
EV000668,Marden,Ridge XL,BEV,105,250,2025
EV000669,Vantor,Arc,BEV,64,135,2025
EV000670,Selva,Corta,BEV,42,85,2022
EV000671,Selva,Corta+,BEV,52,100,2020
EV000672,Vantor,Arc,BEV,64,135,2020
EV000673,Aurex,Lumen,BEV,58,120,2019
EV000674,Marden,Ridge XL,BEV,105,250,2026
EV000675,Aurex,Lumen LR,BEV,77,150,2021
EV000676,Selva,Corta,BEV,42,85,2026
EV000677,Selva,Corta,BEV,42,85,2023
EV000678,Vantor,Arc PHV,PHEV,11,7,2026
EV000679,Selva,Corta+,BEV,52,100,2023
EV000680,Vantor,Arc GT,BEV,91,220,2019
EV000681,Marden,Ridge PHV,PHEV,18,7,2025
EV000682,Vantor,Arc GT,BEV,91,220,2023
EV000683,Marden,Ridge,BEV,82,175,2020
EV000684,Vantor,Arc,BEV,64,135,2024
EV000685,Marden,Ridge,BEV,82,175,2020
EV000686,Marden,Ridge,BEV,82,175,2023
EV000687,Marden,Ridge XL,BEV,105,250,2025
EV000688,Selva,Corta,BEV,42,85,2020
EV000689,Vantor,Arc,BEV,64,135,2023
EV000690,Selva,Corta+,BEV,52,100,2026
EV000691,Vantor,Arc PHV,PHEV,11,7,2025
EV000692,Vantor,Arc,BEV,64,135,2023
EV000693,Aurex,Lumen,BEV,58,120,2019
EV000694,Aurex,Lumen LR,BEV,77,150,2019
EV000695,Vantor,Arc PHV,PHEV,11,7,2020
EV000696,Aurex,Lumen,BEV,58,120,2021
EV000697,Aurex,Lumen,BEV,58,120,2023
EV000698,Aurex,Lumen,BEV,58,120,2024
EV000699,Aurex,Lumen PHV,PHEV,14,7,2024
EV000700,Vantor,Arc GT,BEV,91,220,2020
EV000701,Marden,Ridge,BEV,82,175,2021
EV000702,Marden,Ridge,BEV,82,175,2025
EV000703,Vantor,Arc GT,BEV,91,220,2025
EV000704,Marden,Ridge,BEV,82,175,2020
EV000705,Selva,Corta,BEV,42,85,2020
EV000706,Selva,Corta,BEV,42,85,2022
EV000707,Vantor,Arc,BEV,64,135,2021
EV000708,Aurex,Lumen,BEV,58,120,2021
EV000709,Selva,Corta+,BEV,52,100,2022
EV000710,Vantor,Arc,BEV,64,135,2020
EV000711,Vantor,Arc,BEV,64,135,2019
EV000712,Aurex,Lumen PHV,PHEV,14,7,2026
EV000713,Vantor,Arc GT,BEV,91,220,2023
EV000714,Aurex,Lumen,BEV,58,120,2021
EV000715,Selva,Corta+,BEV,52,100,2022
EV000716,Selva,Corta,BEV,42,85,2025
EV000717,Aurex,Lumen,BEV,58,120,2022
EV000718,Vantor,Arc GT,BEV,91,220,2026
EV000719,Selva,Corta+,BEV,52,100,2025
EV000720,Vantor,Arc,BEV,64,135,2021
EV000721,Marden,Ridge PHV,PHEV,18,7,2023
EV000722,Marden,Ridge XL,BEV,105,250,2019
EV000723,Selva,Corta,BEV,42,85,2022
EV000724,Vantor,Arc PHV,PHEV,11,7,2023
EV000725,Aurex,Lumen,BEV,58,120,2026
EV000726,Vantor,Arc,BEV,64,135,2020
EV000727,Vantor,Arc PHV,PHEV,11,7,2024
EV000728,Selva,Corta,BEV,42,85,2025
EV000729,Aurex,Lumen LR,BEV,77,150,2022
EV000730,Selva,Corta+,BEV,52,100,2020
EV000731,Marden,Ridge,BEV,82,175,2023
EV000732,Selva,Corta+,BEV,52,100,2024
EV000733,Aurex,Lumen,BEV,58,120,2022
EV000734,Aurex,Lumen,BEV,58,120,2019
EV000735,Vantor,Arc GT,BEV,91,220,2024
EV000736,Aurex,Lumen,BEV,58,120,2021
EV000737,Aurex,Lumen,BEV,58,120,2023
EV000738,Selva,Corta+,BEV,52,100,2020
EV000739,Selva,Corta,BEV,42,85,2024
EV000740,Aurex,Lumen,BEV,58,120,2025
EV000741,Aurex,Lumen PHV,PHEV,14,7,2019
EV000742,Vantor,Arc GT,BEV,91,220,2023
EV000743,Aurex,Lumen PHV,PHEV,14,7,2024
EV000744,Selva,Corta+,BEV,52,100,2024
EV000745,Selva,Corta+,BEV,52,100,2023
EV000746,Vantor,Arc GT,BEV,91,220,2019
EV000747,Marden,Ridge,BEV,82,175,2021
EV000748,Vantor,Arc,BEV,64,135,2021
EV000749,Vantor,Arc,BEV,64,135,2021
EV000750,Aurex,Lumen PHV,PHEV,14,7,2026
EV000751,Aurex,Lumen LR,BEV,77,150,2019
EV000752,Vantor,Arc GT,BEV,91,220,2023
EV000753,Marden,Ridge,BEV,82,175,2023
EV000754,Vantor,Arc GT,BEV,91,220,2025
EV000755,Vantor,Arc GT,BEV,91,220,2021
EV000756,Vantor,Arc PHV,PHEV,11,7,2023
EV000757,Aurex,Lumen LR,BEV,77,150,2023
EV000758,Vantor,Arc,BEV,64,135,2020
EV000759,Aurex,Lumen PHV,PHEV,14,7,2019
EV000760,Vantor,Arc,BEV,64,135,2026
EV000761,Vantor,Arc GT,BEV,91,220,2025
EV000762,Aurex,Lumen PHV,PHEV,14,7,2021
EV000763,Vantor,Arc,BEV,64,135,2022
EV000764,Marden,Ridge PHV,PHEV,18,7,2020
EV000765,Marden,Ridge XL,BEV,105,250,2019
EV000766,Marden,Ridge XL,BEV,105,250,2024
EV000767,Vantor,Arc,BEV,64,135,2023
EV000768,Aurex,Lumen LR,BEV,77,150,2019
EV000769,Marden,Ridge,BEV,82,175,2026
EV000770,Marden,Ridge XL,BEV,105,250,2025
EV000771,Vantor,Arc,BEV,64,135,2020
EV000772,Aurex,Lumen LR,BEV,77,150,2024
EV000773,Vantor,Arc,BEV,64,135,2024
EV000774,Aurex,Lumen LR,BEV,77,150,2022
EV000775,Vantor,Arc GT,BEV,91,220,2024
EV000776,Selva,Corta,BEV,42,85,2023
EV000777,Selva,Corta+,BEV,52,100,2022
EV000778,Aurex,Lumen,BEV,58,120,2022
EV000779,Aurex,Lumen LR,BEV,77,150,2022
EV000780,Aurex,Lumen LR,BEV,77,150,2019
EV000781,Vantor,Arc,BEV,64,135,2021
EV000782,Aurex,Lumen LR,BEV,77,150,2019
EV000783,Selva,Corta PHV,PHEV,9,4,2021
EV000784,Vantor,Arc GT,BEV,91,220,2021
EV000785,Aurex,Lumen LR,BEV,77,150,2025
EV000786,Marden,Ridge,BEV,82,175,2019
EV000787,Marden,Ridge PHV,PHEV,18,7,2022
EV000788,Marden,Ridge XL,BEV,105,250,2020
EV000789,Selva,Corta+,BEV,52,100,2025
EV000790,Vantor,Arc GT,BEV,91,220,2021
EV000791,Vantor,Arc GT,BEV,91,220,2022
EV000792,Vantor,Arc,BEV,64,135,2024
EV000793,Marden,Ridge XL,BEV,105,250,2025
EV000794,Marden,Ridge XL,BEV,105,250,2023
EV000795,Selva,Corta,BEV,42,85,2025
EV000796,Marden,Ridge XL,BEV,105,250,2020
EV000797,Marden,Ridge,BEV,82,175,2023
EV000798,Marden,Ridge,BEV,82,175,2025
EV000799,Vantor,Arc,BEV,64,135,2022
EV000800,Vantor,Arc,BEV,64,135,2025
EV000801,Vantor,Arc,BEV,64,135,2025
EV000802,Vantor,Arc PHV,PHEV,11,7,2024
EV000803,Marden,Ridge XL,BEV,105,250,2026
EV000804,Aurex,Lumen PHV,PHEV,14,7,2024
EV000805,Marden,Ridge XL,BEV,105,250,2021
EV000806,Marden,Ridge XL,BEV,105,250,2021
EV000807,Selva,Corta,BEV,42,85,2021
EV000808,Marden,Ridge XL,BEV,105,250,2025
EV000809,Aurex,Lumen LR,BEV,77,150,2026
EV000810,Marden,Ridge,BEV,82,175,2023
EV000811,Aurex,Lumen,BEV,58,120,2026
EV000812,Selva,Corta PHV,PHEV,9,4,2020
EV000813,Aurex,Lumen PHV,PHEV,14,7,2022
EV000814,Aurex,Lumen LR,BEV,77,150,2024
EV000815,Marden,Ridge XL,BEV,105,250,2020
EV000816,Marden,Ridge XL,BEV,105,250,2024
EV000817,Aurex,Lumen,BEV,58,120,2021
EV000818,Selva,Corta+,BEV,52,100,2023
EV000819,Vantor,Arc GT,BEV,91,220,2021
EV000820,Selva,Corta+,BEV,52,100,2022
EV000821,Aurex,Lumen PHV,PHEV,14,7,2022
EV000822,Marden,Ridge,BEV,82,175,2025
EV000823,Aurex,Lumen LR,BEV,77,150,2026
EV000824,Selva,Corta+,BEV,52,100,2024
EV000825,Selva,Corta+,BEV,52,100,2021
EV000826,Aurex,Lumen,BEV,58,120,2023
EV000827,Aurex,Lumen LR,BEV,77,150,2019
EV000828,Vantor,Arc GT,BEV,91,220,2019
EV000829,Aurex,Lumen LR,BEV,77,150,2023
EV000830,Vantor,Arc,BEV,64,135,2020
EV000831,Marden,Ridge,BEV,82,175,2026
EV000832,Selva,Corta PHV,PHEV,9,4,2026
EV000833,Selva,Corta,BEV,42,85,2020
EV000834,Selva,Corta+,BEV,52,100,2022
EV000835,Marden,Ridge XL,BEV,105,250,2023
EV000836,Marden,Ridge,BEV,82,175,2024
EV000837,Marden,Ridge,BEV,82,175,2025
EV000838,Aurex,Lumen,BEV,58,120,2020
EV000839,Aurex,Lumen PHV,PHEV,14,7,2023
EV000840,Aurex,Lumen LR,BEV,77,150,2023
EV000841,Aurex,Lumen LR,BEV,77,150,2019
EV000842,Selva,Corta,BEV,42,85,2023
EV000843,Selva,Corta+,BEV,52,100,2021
EV000844,Marden,Ridge,BEV,82,175,2025
EV000845,Vantor,Arc,BEV,64,135,2023
EV000846,Selva,Corta PHV,PHEV,9,4,2026
EV000847,Selva,Corta+,BEV,52,100,2020
EV000848,Marden,Ridge XL,BEV,105,250,2022
EV000849,Selva,Corta,BEV,42,85,2023
EV000850,Aurex,Lumen,BEV,58,120,2021
EV000851,Aurex,Lumen,BEV,58,120,2022
EV000852,Selva,Corta+,BEV,52,100,2020
EV000853,Vantor,Arc GT,BEV,91,220,2023
EV000854,Selva,Corta,BEV,42,85,2021
EV000855,Vantor,Arc,BEV,64,135,2024
EV000856,Aurex,Lumen LR,BEV,77,150,2022
EV000857,Selva,Corta,BEV,42,85,2023
EV000858,Vantor,Arc,BEV,64,135,2026
EV000859,Aurex,Lumen PHV,PHEV,14,7,2026
EV000860,Aurex,Lumen LR,BEV,77,150,2023
EV000861,Marden,Ridge PHV,PHEV,18,7,2023
EV000862,Marden,Ridge XL,BEV,105,250,2024
EV000863,Vantor,Arc GT,BEV,91,220,2022
EV000864,Marden,Ridge XL,BEV,105,250,2024
EV000865,Selva,Corta+,BEV,52,100,2019
EV000866,Selva,Corta,BEV,42,85,2019
EV000867,Marden,Ridge XL,BEV,105,250,2019
EV000868,Marden,Ridge XL,BEV,105,250,2020
EV000869,Aurex,Lumen LR,BEV,77,150,2020
EV000870,Vantor,Arc PHV,PHEV,11,7,2023
EV000871,Aurex,Lumen,BEV,58,120,2025
EV000872,Aurex,Lumen,BEV,58,120,2019
EV000873,Selva,Corta,BEV,42,85,2023
EV000874,Vantor,Arc,BEV,64,135,2020
EV000875,Vantor,Arc GT,BEV,91,220,2025
EV000876,Selva,Corta,BEV,42,85,2025
EV000877,Selva,Corta,BEV,42,85,2026
EV000878,Vantor,Arc PHV,PHEV,11,7,2024
EV000879,Vantor,Arc PHV,PHEV,11,7,2024
EV000880,Vantor,Arc GT,BEV,91,220,2020
EV000881,Vantor,Arc,BEV,64,135,2019
EV000882,Marden,Ridge,BEV,82,175,2019
EV000883,Aurex,Lumen LR,BEV,77,150,2025
EV000884,Vantor,Arc GT,BEV,91,220,2025
EV000885,Marden,Ridge,BEV,82,175,2022
EV000886,Aurex,Lumen,BEV,58,120,2022
EV000887,Marden,Ridge XL,BEV,105,250,2019
EV000888,Marden,Ridge,BEV,82,175,2021
EV000889,Vantor,Arc GT,BEV,91,220,2020
EV000890,Vantor,Arc,BEV,64,135,2024
EV000891,Selva,Corta,BEV,42,85,2020
EV000892,Vantor,Arc,BEV,64,135,2024
EV000893,Marden,Ridge XL,BEV,105,250,2025
EV000894,Selva,Corta+,BEV,52,100,2026
EV000895,Vantor,Arc,BEV,64,135,2023
EV000896,Marden,Ridge XL,BEV,105,250,2019
EV000897,Selva,Corta+,BEV,52,100,2024
EV000898,Aurex,Lumen LR,BEV,77,150,2025
EV000899,Vantor,Arc GT,BEV,91,220,2025
EV000900,Selva,Corta,BEV,42,85,2022
EV000901,Selva,Corta PHV,PHEV,9,4,2023
EV000902,Vantor,Arc,BEV,64,135,2020
EV000903,Selva,Corta,BEV,42,85,2020
EV000904,Marden,Ridge PHV,PHEV,18,7,2022
EV000905,Vantor,Arc GT,BEV,91,220,2022
EV000906,Marden,Ridge XL,BEV,105,250,2019
EV000907,Aurex,Lumen,BEV,58,120,2026
EV000908,Vantor,Arc GT,BEV,91,220,2019
EV000909,Aurex,Lumen LR,BEV,77,150,2020
EV000910,Aurex,Lumen PHV,PHEV,14,7,2019
EV000911,Selva,Corta+,BEV,52,100,2023
EV000912,Vantor,Arc,BEV,64,135,2024
EV000913,Aurex,Lumen,BEV,58,120,2025
EV000914,Vantor,Arc GT,BEV,91,220,2024
EV000915,Aurex,Lumen,BEV,58,120,2019
EV000916,Selva,Corta,BEV,42,85,2020
EV000917,Marden,Ridge,BEV,82,175,2024
EV000918,Vantor,Arc,BEV,64,135,2021
EV000919,Aurex,Lumen LR,BEV,77,150,2024
EV000920,Vantor,Arc GT,BEV,91,220,2025
EV000921,Aurex,Lumen LR,BEV,77,150,2020
EV000922,Marden,Ridge XL,BEV,105,250,2022
EV000923,Aurex,Lumen,BEV,58,120,2022
EV000924,Marden,Ridge,BEV,82,175,2021
EV000925,Vantor,Arc GT,BEV,91,220,2025
EV000926,Marden,Ridge,BEV,82,175,2026
EV000927,Marden,Ridge XL,BEV,105,250,2019
EV000928,Aurex,Lumen LR,BEV,77,150,2023
EV000929,Marden,Ridge,BEV,82,175,2020
EV000930,Selva,Corta PHV,PHEV,9,4,2023
EV000931,Selva,Corta+,BEV,52,100,2024
EV000932,Selva,Corta+,BEV,52,100,2023
EV000933,Vantor,Arc,BEV,64,135,2019
EV000934,Aurex,Lumen LR,BEV,77,150,2019
EV000935,Marden,Ridge,BEV,82,175,2025
EV000936,Marden,Ridge XL,BEV,105,250,2022
EV000937,Aurex,Lumen LR,BEV,77,150,2023
EV000938,Aurex,Lumen LR,BEV,77,150,2025
EV000939,Vantor,Arc GT,BEV,91,220,2019
EV000940,Selva,Corta+,BEV,52,100,2024
EV000941,Vantor,Arc GT,BEV,91,220,2026
EV000942,Selva,Corta PHV,PHEV,9,4,2026
EV000943,Marden,Ridge XL,BEV,105,250,2025
EV000944,Vantor,Arc PHV,PHEV,11,7,2021
EV000945,Selva,Corta+,BEV,52,100,2023
EV000946,Marden,Ridge,BEV,82,175,2022
EV000947,Selva,Corta PHV,PHEV,9,4,2020
EV000948,Aurex,Lumen,BEV,58,120,2020
EV000949,Selva,Corta+,BEV,52,100,2024
EV000950,Aurex,Lumen LR,BEV,77,150,2020
EV000951,Marden,Ridge XL,BEV,105,250,2021
EV000952,Vantor,Arc,BEV,64,135,2019
EV000953,Marden,Ridge,BEV,82,175,2025
EV000954,Vantor,Arc GT,BEV,91,220,2020
EV000955,Selva,Corta+,BEV,52,100,2024
EV000956,Marden,Ridge,BEV,82,175,2020
EV000957,Vantor,Arc PHV,PHEV,11,7,2021
EV000958,Aurex,Lumen PHV,PHEV,14,7,2022
EV000959,Selva,Corta,BEV,42,85,2024
EV000960,Marden,Ridge,BEV,82,175,2022
EV000961,Aurex,Lumen LR,BEV,77,150,2023
EV000962,Aurex,Lumen,BEV,58,120,2025
EV000963,Marden,Ridge,BEV,82,175,2022
EV000964,Vantor,Arc PHV,PHEV,11,7,2025
EV000965,Marden,Ridge,BEV,82,175,2026
EV000966,Selva,Corta,BEV,42,85,2023
EV000967,Selva,Corta+,BEV,52,100,2024
EV000968,Marden,Ridge,BEV,82,175,2024
EV000969,Selva,Corta+,BEV,52,100,2026
EV000970,Vantor,Arc GT,BEV,91,220,2022
EV000971,Marden,Ridge XL,BEV,105,250,2025
EV000972,Vantor,Arc GT,BEV,91,220,2021
EV000973,Vantor,Arc PHV,PHEV,11,7,2025
EV000974,Marden,Ridge XL,BEV,105,250,2023
EV000975,Marden,Ridge XL,BEV,105,250,2019
EV000976,Marden,Ridge XL,BEV,105,250,2024
EV000977,Marden,Ridge PHV,PHEV,18,7,2021
EV000978,Marden,Ridge PHV,PHEV,18,7,2026
EV000979,Selva,Corta,BEV,42,85,2023
EV000980,Vantor,Arc GT,BEV,91,220,2025
EV000981,Marden,Ridge,BEV,82,175,2022
EV000982,Marden,Ridge PHV,PHEV,18,7,2019
EV000983,Selva,Corta+,BEV,52,100,2023
EV000984,Aurex,Lumen,BEV,58,120,2024
EV000985,Aurex,Lumen,BEV,58,120,2024
EV000986,Selva,Corta,BEV,42,85,2019
EV000987,Marden,Ridge XL,BEV,105,250,2019
EV000988,Aurex,Lumen PHV,PHEV,14,7,2023
EV000989,Vantor,Arc GT,BEV,91,220,2022
EV000990,Selva,Corta,BEV,42,85,2025
EV000991,Selva,Corta,BEV,42,85,2020
EV000992,Aurex,Lumen,BEV,58,120,2024
EV000993,Aurex,Lumen,BEV,58,120,2020
EV000994,Selva,Corta,BEV,42,85,2019
EV000995,Selva,Corta,BEV,42,85,2023
EV000996,Marden,Ridge XL,BEV,105,250,2022
EV000997,Aurex,Lumen LR,BEV,77,150,2022
EV000998,Marden,Ridge XL,BEV,105,250,2020
EV000999,Vantor,Arc,BEV,64,135,2020
EV001000,Selva,Corta,BEV,42,85,2024
EV001001,Marden,Ridge,BEV,82,175,2022
EV001002,Aurex,Lumen LR,BEV,77,150,2024
EV001003,Selva,Corta PHV,PHEV,9,4,2022
EV001004,Selva,Corta PHV,PHEV,9,4,2024
EV001005,Marden,Ridge PHV,PHEV,18,7,2022
EV001006,Aurex,Lumen,BEV,58,120,2021
EV001007,Selva,Corta+,BEV,52,100,2021
EV001008,Marden,Ridge,BEV,82,175,2023
EV001009,Aurex,Lumen PHV,PHEV,14,7,2022
EV001010,Aurex,Lumen LR,BEV,77,150,2020
EV001011,Aurex,Lumen LR,BEV,77,150,2019
EV001012,Marden,Ridge XL,BEV,105,250,2026
EV001013,Vantor,Arc,BEV,64,135,2021
EV001014,Aurex,Lumen,BEV,58,120,2026
EV001015,Aurex,Lumen,BEV,58,120,2022
EV001016,Selva,Corta+,BEV,52,100,2019
EV001017,Selva,Corta,BEV,42,85,2026
EV001018,Marden,Ridge,BEV,82,175,2023
EV001019,Marden,Ridge XL,BEV,105,250,2026
EV001020,Aurex,Lumen,BEV,58,120,2024
EV001021,Vantor,Arc PHV,PHEV,11,7,2020
EV001022,Aurex,Lumen PHV,PHEV,14,7,2020
EV001023,Vantor,Arc PHV,PHEV,11,7,2022
EV001024,Marden,Ridge XL,BEV,105,250,2019
EV001025,Vantor,Arc GT,BEV,91,220,2021
EV001026,Vantor,Arc,BEV,64,135,2019
EV001027,Vantor,Arc PHV,PHEV,11,7,2023
EV001028,Vantor,Arc GT,BEV,91,220,2024
EV001029,Selva,Corta,BEV,42,85,2020
EV001030,Marden,Ridge,BEV,82,175,2019
EV001031,Marden,Ridge,BEV,82,175,2020
EV001032,Marden,Ridge,BEV,82,175,2022
EV001033,Selva,Corta+,BEV,52,100,2021
EV001034,Selva,Corta,BEV,42,85,2025
EV001035,Marden,Ridge XL,BEV,105,250,2024
EV001036,Vantor,Arc GT,BEV,91,220,2019
EV001037,Vantor,Arc,BEV,64,135,2022
EV001038,Vantor,Arc PHV,PHEV,11,7,2024
EV001039,Marden,Ridge XL,BEV,105,250,2026
EV001040,Marden,Ridge,BEV,82,175,2022
EV001041,Aurex,Lumen LR,BEV,77,150,2022
EV001042,Aurex,Lumen,BEV,58,120,2022
EV001043,Vantor,Arc PHV,PHEV,11,7,2026
EV001044,Selva,Corta PHV,PHEV,9,4,2022
EV001045,Vantor,Arc,BEV,64,135,2021
EV001046,Selva,Corta+,BEV,52,100,2021
EV001047,Aurex,Lumen,BEV,58,120,2023
EV001048,Vantor,Arc GT,BEV,91,220,2025
EV001049,Marden,Ridge,BEV,82,175,2022
EV001050,Vantor,Arc GT,BEV,91,220,2024
EV001051,Marden,Ridge XL,BEV,105,250,2021
EV001052,Vantor,Arc PHV,PHEV,11,7,2022
EV001053,Aurex,Lumen LR,BEV,77,150,2021
EV001054,Marden,Ridge,BEV,82,175,2019
EV001055,Vantor,Arc GT,BEV,91,220,2020
EV001056,Aurex,Lumen LR,BEV,77,150,2023
EV001057,Vantor,Arc GT,BEV,91,220,2023
EV001058,Selva,Corta,BEV,42,85,2026
EV001059,Aurex,Lumen PHV,PHEV,14,7,2021
EV001060,Marden,Ridge XL,BEV,105,250,2026
EV001061,Aurex,Lumen,BEV,58,120,2022
EV001062,Aurex,Lumen,BEV,58,120,2019
EV001063,Marden,Ridge PHV,PHEV,18,7,2026
EV001064,Selva,Corta+,BEV,52,100,2021
EV001065,Selva,Corta+,BEV,52,100,2026
EV001066,Vantor,Arc GT,BEV,91,220,2022
EV001067,Marden,Ridge XL,BEV,105,250,2026
EV001068,Selva,Corta+,BEV,52,100,2022
EV001069,Selva,Corta+,BEV,52,100,2024
EV001070,Vantor,Arc,BEV,64,135,2019
EV001071,Marden,Ridge XL,BEV,105,250,2020
EV001072,Aurex,Lumen LR,BEV,77,150,2020
EV001073,Aurex,Lumen LR,BEV,77,150,2023
EV001074,Selva,Corta+,BEV,52,100,2023
EV001075,Marden,Ridge XL,BEV,105,250,2020
EV001076,Vantor,Arc,BEV,64,135,2024
EV001077,Vantor,Arc,BEV,64,135,2025
EV001078,Aurex,Lumen LR,BEV,77,150,2024
EV001079,Selva,Corta+,BEV,52,100,2023
EV001080,Marden,Ridge XL,BEV,105,250,2024
EV001081,Aurex,Lumen LR,BEV,77,150,2025
EV001082,Selva,Corta,BEV,42,85,2024
EV001083,Selva,Corta,BEV,42,85,2023
EV001084,Aurex,Lumen,BEV,58,120,2019
EV001085,Selva,Corta,BEV,42,85,2021
EV001086,Vantor,Arc,BEV,64,135,2020
EV001087,Aurex,Lumen LR,BEV,77,150,2021
EV001088,Marden,Ridge PHV,PHEV,18,7,2021
EV001089,Aurex,Lumen,BEV,58,120,2025
EV001090,Vantor,Arc GT,BEV,91,220,2021
EV001091,Selva,Corta+,BEV,52,100,2021
EV001092,Vantor,Arc GT,BEV,91,220,2022
EV001093,Aurex,Lumen,BEV,58,120,2020
EV001094,Marden,Ridge XL,BEV,105,250,2022
EV001095,Vantor,Arc,BEV,64,135,2026
EV001096,Vantor,Arc GT,BEV,91,220,2021
EV001097,Vantor,Arc PHV,PHEV,11,7,2020
EV001098,Marden,Ridge PHV,PHEV,18,7,2019
EV001099,Vantor,Arc PHV,PHEV,11,7,2026
EV001100,Vantor,Arc GT,BEV,91,220,2025
EV001101,Marden,Ridge,BEV,82,175,2021
EV001102,Marden,Ridge XL,BEV,105,250,2026
EV001103,Aurex,Lumen LR,BEV,77,150,2022
EV001104,Marden,Ridge PHV,PHEV,18,7,2023
EV001105,Aurex,Lumen,BEV,58,120,2025
EV001106,Marden,Ridge,BEV,82,175,2021
EV001107,Vantor,Arc,BEV,64,135,2025
EV001108,Aurex,Lumen LR,BEV,77,150,2022
EV001109,Aurex,Lumen LR,BEV,77,150,2019
EV001110,Selva,Corta PHV,PHEV,9,4,2026
EV001111,Aurex,Lumen LR,BEV,77,150,2019
EV001112,Vantor,Arc PHV,PHEV,11,7,2023
EV001113,Aurex,Lumen LR,BEV,77,150,2023
EV001114,Vantor,Arc GT,BEV,91,220,2024
EV001115,Aurex,Lumen LR,BEV,77,150,2024
EV001116,Marden,Ridge PHV,PHEV,18,7,2024
EV001117,Aurex,Lumen,BEV,58,120,2024
EV001118,Marden,Ridge XL,BEV,105,250,2026
EV001119,Vantor,Arc,BEV,64,135,2026
EV001120,Selva,Corta PHV,PHEV,9,4,2024
EV001121,Marden,Ridge,BEV,82,175,2019
EV001122,Vantor,Arc,BEV,64,135,2019
EV001123,Selva,Corta,BEV,42,85,2025
EV001124,Aurex,Lumen LR,BEV,77,150,2023
EV001125,Vantor,Arc GT,BEV,91,220,2025
EV001126,Aurex,Lumen,BEV,58,120,2026
EV001127,Marden,Ridge,BEV,82,175,2025
EV001128,Selva,Corta+,BEV,52,100,2020
EV001129,Vantor,Arc,BEV,64,135,2022
EV001130,Aurex,Lumen,BEV,58,120,2019
EV001131,Selva,Corta PHV,PHEV,9,4,2021
EV001132,Aurex,Lumen LR,BEV,77,150,2019
EV001133,Vantor,Arc GT,BEV,91,220,2025
EV001134,Aurex,Lumen,BEV,58,120,2019
EV001135,Vantor,Arc GT,BEV,91,220,2020
EV001136,Vantor,Arc GT,BEV,91,220,2020
EV001137,Selva,Corta,BEV,42,85,2019
EV001138,Vantor,Arc,BEV,64,135,2025
EV001139,Vantor,Arc,BEV,64,135,2022
EV001140,Marden,Ridge XL,BEV,105,250,2023
EV001141,Vantor,Arc,BEV,64,135,2026
EV001142,Vantor,Arc GT,BEV,91,220,2024
EV001143,Selva,Corta,BEV,42,85,2022
EV001144,Vantor,Arc,BEV,64,135,2023
EV001145,Marden,Ridge,BEV,82,175,2024
EV001146,Aurex,Lumen,BEV,58,120,2021
EV001147,Vantor,Arc,BEV,64,135,2023
EV001148,Vantor,Arc GT,BEV,91,220,2025
EV001149,Vantor,Arc,BEV,64,135,2025
EV001150,Marden,Ridge XL,BEV,105,250,2020
EV001151,Vantor,Arc GT,BEV,91,220,2024
EV001152,Vantor,Arc GT,BEV,91,220,2021
EV001153,Selva,Corta,BEV,42,85,2024
EV001154,Marden,Ridge XL,BEV,105,250,2022
EV001155,Vantor,Arc,BEV,64,135,2019
EV001156,Marden,Ridge XL,BEV,105,250,2024
EV001157,Selva,Corta PHV,PHEV,9,4,2025
EV001158,Vantor,Arc,BEV,64,135,2025
EV001159,Aurex,Lumen LR,BEV,77,150,2019
EV001160,Marden,Ridge XL,BEV,105,250,2023
EV001161,Vantor,Arc,BEV,64,135,2019
EV001162,Vantor,Arc,BEV,64,135,2023
EV001163,Aurex,Lumen,BEV,58,120,2020
EV001164,Selva,Corta+,BEV,52,100,2021
EV001165,Selva,Corta PHV,PHEV,9,4,2023
EV001166,Aurex,Lumen PHV,PHEV,14,7,2023
EV001167,Selva,Corta+,BEV,52,100,2025
EV001168,Selva,Corta,BEV,42,85,2025
EV001169,Marden,Ridge PHV,PHEV,18,7,2019
EV001170,Marden,Ridge,BEV,82,175,2022
EV001171,Selva,Corta PHV,PHEV,9,4,2026
EV001172,Marden,Ridge,BEV,82,175,2025
EV001173,Marden,Ridge,BEV,82,175,2024
EV001174,Marden,Ridge,BEV,82,175,2023
EV001175,Aurex,Lumen LR,BEV,77,150,2023
EV001176,Vantor,Arc,BEV,64,135,2023
EV001177,Aurex,Lumen,BEV,58,120,2026
EV001178,Vantor,Arc PHV,PHEV,11,7,2023
EV001179,Marden,Ridge PHV,PHEV,18,7,2021
EV001180,Selva,Corta+,BEV,52,100,2020
EV001181,Aurex,Lumen LR,BEV,77,150,2026
EV001182,Aurex,Lumen LR,BEV,77,150,2020
EV001183,Selva,Corta,BEV,42,85,2019
EV001184,Vantor,Arc GT,BEV,91,220,2020
EV001185,Aurex,Lumen LR,BEV,77,150,2022
EV001186,Aurex,Lumen,BEV,58,120,2023
EV001187,Selva,Corta+,BEV,52,100,2021
EV001188,Marden,Ridge XL,BEV,105,250,2024
EV001189,Aurex,Lumen,BEV,58,120,2019
EV001190,Vantor,Arc,BEV,64,135,2024
EV001191,Vantor,Arc,BEV,64,135,2023
EV001192,Selva,Corta,BEV,42,85,2020
EV001193,Selva,Corta+,BEV,52,100,2024
EV001194,Vantor,Arc GT,BEV,91,220,2021
EV001195,Marden,Ridge XL,BEV,105,250,2025
EV001196,Vantor,Arc GT,BEV,91,220,2020
EV001197,Vantor,Arc,BEV,64,135,2019
EV001198,Marden,Ridge XL,BEV,105,250,2024
EV001199,Marden,Ridge XL,BEV,105,250,2019
EV001200,Aurex,Lumen PHV,PHEV,14,7,2022
EV001201,Aurex,Lumen LR,BEV,77,150,2024
EV001202,Aurex,Lumen LR,BEV,77,150,2021
EV001203,Selva,Corta,BEV,42,85,2021
EV001204,Marden,Ridge PHV,PHEV,18,7,2020
EV001205,Selva,Corta+,BEV,52,100,2019
EV001206,Selva,Corta+,BEV,52,100,2026
EV001207,Vantor,Arc GT,BEV,91,220,2024
EV001208,Marden,Ridge PHV,PHEV,18,7,2022
EV001209,Aurex,Lumen LR,BEV,77,150,2020
EV001210,Selva,Corta+,BEV,52,100,2026
EV001211,Marden,Ridge,BEV,82,175,2020
EV001212,Marden,Ridge XL,BEV,105,250,2021
EV001213,Marden,Ridge XL,BEV,105,250,2022
EV001214,Vantor,Arc GT,BEV,91,220,2020
EV001215,Vantor,Arc,BEV,64,135,2023
EV001216,Marden,Ridge PHV,PHEV,18,7,2024
EV001217,Selva,Corta+,BEV,52,100,2019
EV001218,Vantor,Arc,BEV,64,135,2026
EV001219,Aurex,Lumen LR,BEV,77,150,2022
EV001220,Marden,Ridge XL,BEV,105,250,2020
EV001221,Marden,Ridge XL,BEV,105,250,2019
EV001222,Selva,Corta+,BEV,52,100,2025
EV001223,Vantor,Arc GT,BEV,91,220,2022
EV001224,Marden,Ridge,BEV,82,175,2023
EV001225,Marden,Ridge PHV,PHEV,18,7,2019
EV001226,Selva,Corta+,BEV,52,100,2026
EV001227,Marden,Ridge XL,BEV,105,250,2025
EV001228,Aurex,Lumen PHV,PHEV,14,7,2026
EV001229,Marden,Ridge,BEV,82,175,2024
EV001230,Selva,Corta,BEV,42,85,2022
EV001231,Aurex,Lumen LR,BEV,77,150,2021
EV001232,Marden,Ridge,BEV,82,175,2026
EV001233,Marden,Ridge XL,BEV,105,250,2022
EV001234,Selva,Corta PHV,PHEV,9,4,2020
EV001235,Aurex,Lumen LR,BEV,77,150,2023
EV001236,Aurex,Lumen LR,BEV,77,150,2022
EV001237,Selva,Corta+,BEV,52,100,2019
EV001238,Marden,Ridge XL,BEV,105,250,2022
EV001239,Aurex,Lumen,BEV,58,120,2019
EV001240,Selva,Corta+,BEV,52,100,2020
EV001241,Vantor,Arc,BEV,64,135,2026
EV001242,Marden,Ridge PHV,PHEV,18,7,2022
EV001243,Vantor,Arc GT,BEV,91,220,2021
EV001244,Aurex,Lumen,BEV,58,120,2025
EV001245,Marden,Ridge XL,BEV,105,250,2024
EV001246,Vantor,Arc,BEV,64,135,2019
EV001247,Vantor,Arc GT,BEV,91,220,2019
EV001248,Aurex,Lumen LR,BEV,77,150,2022
EV001249,Vantor,Arc GT,BEV,91,220,2022
EV001250,Aurex,Lumen LR,BEV,77,150,2023
EV001251,Vantor,Arc,BEV,64,135,2024
EV001252,Selva,Corta+,BEV,52,100,2020
EV001253,Vantor,Arc,BEV,64,135,2024
EV001254,Marden,Ridge,BEV,82,175,2024
EV001255,Aurex,Lumen PHV,PHEV,14,7,2021
EV001256,Selva,Corta+,BEV,52,100,2021
EV001257,Aurex,Lumen,BEV,58,120,2025
EV001258,Selva,Corta PHV,PHEV,9,4,2023
EV001259,Aurex,Lumen LR,BEV,77,150,2024
EV001260,Vantor,Arc GT,BEV,91,220,2023
EV001261,Selva,Corta,BEV,42,85,2022
EV001262,Selva,Corta+,BEV,52,100,2024
EV001263,Vantor,Arc GT,BEV,91,220,2019
EV001264,Selva,Corta,BEV,42,85,2026
EV001265,Selva,Corta+,BEV,52,100,2024
EV001266,Selva,Corta,BEV,42,85,2026
EV001267,Vantor,Arc,BEV,64,135,2020
EV001268,Vantor,Arc GT,BEV,91,220,2023
EV001269,Vantor,Arc GT,BEV,91,220,2023
EV001270,Vantor,Arc,BEV,64,135,2021
EV001271,Selva,Corta+,BEV,52,100,2024
EV001272,Selva,Corta,BEV,42,85,2020
EV001273,Vantor,Arc GT,BEV,91,220,2024
EV001274,Marden,Ridge,BEV,82,175,2025
EV001275,Marden,Ridge XL,BEV,105,250,2025
EV001276,Selva,Corta+,BEV,52,100,2025
EV001277,Vantor,Arc GT,BEV,91,220,2022
EV001278,Selva,Corta PHV,PHEV,9,4,2025
EV001279,Aurex,Lumen,BEV,58,120,2023
EV001280,Marden,Ridge XL,BEV,105,250,2025
EV001281,Vantor,Arc GT,BEV,91,220,2024
EV001282,Vantor,Arc GT,BEV,91,220,2023
EV001283,Marden,Ridge XL,BEV,105,250,2024
EV001284,Marden,Ridge,BEV,82,175,2026
EV001285,Marden,Ridge PHV,PHEV,18,7,2026
EV001286,Aurex,Lumen PHV,PHEV,14,7,2024
EV001287,Aurex,Lumen LR,BEV,77,150,2019
EV001288,Selva,Corta,BEV,42,85,2024
EV001289,Marden,Ridge XL,BEV,105,250,2023
EV001290,Aurex,Lumen,BEV,58,120,2025
EV001291,Selva,Corta,BEV,42,85,2025
EV001292,Marden,Ridge PHV,PHEV,18,7,2024
EV001293,Vantor,Arc,BEV,64,135,2020
EV001294,Aurex,Lumen LR,BEV,77,150,2025
EV001295,Vantor,Arc,BEV,64,135,2020
EV001296,Vantor,Arc GT,BEV,91,220,2026
EV001297,Vantor,Arc,BEV,64,135,2021
EV001298,Vantor,Arc GT,BEV,91,220,2022
EV001299,Marden,Ridge XL,BEV,105,250,2023
EV001300,Selva,Corta,BEV,42,85,2025
EV001301,Selva,Corta+,BEV,52,100,2019
EV001302,Aurex,Lumen LR,BEV,77,150,2021
EV001303,Aurex,Lumen,BEV,58,120,2022
EV001304,Selva,Corta PHV,PHEV,9,4,2022
EV001305,Vantor,Arc GT,BEV,91,220,2022
EV001306,Selva,Corta PHV,PHEV,9,4,2025
EV001307,Vantor,Arc GT,BEV,91,220,2023
EV001308,Selva,Corta+,BEV,52,100,2026
EV001309,Marden,Ridge,BEV,82,175,2025
EV001310,Aurex,Lumen,BEV,58,120,2026
EV001311,Aurex,Lumen,BEV,58,120,2024
EV001312,Selva,Corta,BEV,42,85,2025
EV001313,Aurex,Lumen LR,BEV,77,150,2023
EV001314,Vantor,Arc,BEV,64,135,2025
EV001315,Aurex,Lumen LR,BEV,77,150,2021
EV001316,Vantor,Arc,BEV,64,135,2026
EV001317,Selva,Corta,BEV,42,85,2022
EV001318,Vantor,Arc,BEV,64,135,2023
EV001319,Vantor,Arc GT,BEV,91,220,2020
EV001320,Selva,Corta,BEV,42,85,2020
EV001321,Marden,Ridge,BEV,82,175,2021
EV001322,Aurex,Lumen,BEV,58,120,2019
EV001323,Marden,Ridge PHV,PHEV,18,7,2025
EV001324,Vantor,Arc GT,BEV,91,220,2025
EV001325,Vantor,Arc PHV,PHEV,11,7,2023
EV001326,Aurex,Lumen,BEV,58,120,2025
EV001327,Aurex,Lumen,BEV,58,120,2024
EV001328,Aurex,Lumen,BEV,58,120,2024
EV001329,Vantor,Arc PHV,PHEV,11,7,2021
EV001330,Vantor,Arc GT,BEV,91,220,2023
EV001331,Marden,Ridge XL,BEV,105,250,2019
EV001332,Marden,Ridge,BEV,82,175,2024
EV001333,Aurex,Lumen,BEV,58,120,2020
EV001334,Vantor,Arc GT,BEV,91,220,2024
EV001335,Vantor,Arc GT,BEV,91,220,2024
EV001336,Selva,Corta,BEV,42,85,2023
EV001337,Marden,Ridge,BEV,82,175,2021
EV001338,Aurex,Lumen,BEV,58,120,2024
EV001339,Vantor,Arc PHV,PHEV,11,7,2021
EV001340,Selva,Corta,BEV,42,85,2020
EV001341,Vantor,Arc GT,BEV,91,220,2024
EV001342,Marden,Ridge,BEV,82,175,2023
EV001343,Vantor,Arc,BEV,64,135,2020
EV001344,Marden,Ridge,BEV,82,175,2024
EV001345,Vantor,Arc GT,BEV,91,220,2025
EV001346,Selva,Corta,BEV,42,85,2023
EV001347,Aurex,Lumen LR,BEV,77,150,2021
EV001348,Aurex,Lumen LR,BEV,77,150,2021
EV001349,Marden,Ridge XL,BEV,105,250,2019
EV001350,Selva,Corta+,BEV,52,100,2020
EV001351,Vantor,Arc GT,BEV,91,220,2025
EV001352,Marden,Ridge XL,BEV,105,250,2024
EV001353,Vantor,Arc PHV,PHEV,11,7,2025
EV001354,Aurex,Lumen LR,BEV,77,150,2019
EV001355,Marden,Ridge PHV,PHEV,18,7,2023
EV001356,Aurex,Lumen,BEV,58,120,2025
EV001357,Selva,Corta+,BEV,52,100,2020
EV001358,Vantor,Arc,BEV,64,135,2020
EV001359,Vantor,Arc,BEV,64,135,2024
EV001360,Selva,Corta,BEV,42,85,2025
EV001361,Selva,Corta+,BEV,52,100,2026
EV001362,Selva,Corta,BEV,42,85,2021
EV001363,Marden,Ridge,BEV,82,175,2021
EV001364,Selva,Corta PHV,PHEV,9,4,2026
EV001365,Aurex,Lumen LR,BEV,77,150,2023
EV001366,Vantor,Arc,BEV,64,135,2020
EV001367,Selva,Corta+,BEV,52,100,2019
EV001368,Vantor,Arc GT,BEV,91,220,2020
EV001369,Vantor,Arc,BEV,64,135,2026
EV001370,Selva,Corta,BEV,42,85,2024
EV001371,Marden,Ridge,BEV,82,175,2025
EV001372,Vantor,Arc PHV,PHEV,11,7,2025
EV001373,Selva,Corta PHV,PHEV,9,4,2023
EV001374,Marden,Ridge XL,BEV,105,250,2021
EV001375,Vantor,Arc GT,BEV,91,220,2021
EV001376,Aurex,Lumen PHV,PHEV,14,7,2022
EV001377,Marden,Ridge,BEV,82,175,2024
EV001378,Aurex,Lumen LR,BEV,77,150,2024
EV001379,Selva,Corta PHV,PHEV,9,4,2022
EV001380,Vantor,Arc,BEV,64,135,2021
EV001381,Marden,Ridge,BEV,82,175,2025
EV001382,Marden,Ridge,BEV,82,175,2022
EV001383,Vantor,Arc PHV,PHEV,11,7,2020
EV001384,Marden,Ridge,BEV,82,175,2023
EV001385,Marden,Ridge PHV,PHEV,18,7,2019
EV001386,Aurex,Lumen,BEV,58,120,2021
EV001387,Aurex,Lumen,BEV,58,120,2021
EV001388,Aurex,Lumen LR,BEV,77,150,2020
EV001389,Selva,Corta+,BEV,52,100,2024
EV001390,Vantor,Arc GT,BEV,91,220,2026
EV001391,Aurex,Lumen,BEV,58,120,2020
EV001392,Aurex,Lumen LR,BEV,77,150,2019
EV001393,Selva,Corta+,BEV,52,100,2021
EV001394,Vantor,Arc GT,BEV,91,220,2026
EV001395,Marden,Ridge XL,BEV,105,250,2025
EV001396,Selva,Corta,BEV,42,85,2025
EV001397,Aurex,Lumen PHV,PHEV,14,7,2021
EV001398,Marden,Ridge,BEV,82,175,2022
EV001399,Selva,Corta,BEV,42,85,2019
EV001400,Vantor,Arc GT,BEV,91,220,2025
EV001401,Aurex,Lumen LR,BEV,77,150,2023
EV001402,Vantor,Arc,BEV,64,135,2019
EV001403,Vantor,Arc GT,BEV,91,220,2024
EV001404,Vantor,Arc GT,BEV,91,220,2023
EV001405,Aurex,Lumen LR,BEV,77,150,2019
EV001406,Selva,Corta,BEV,42,85,2021
EV001407,Aurex,Lumen LR,BEV,77,150,2023
EV001408,Marden,Ridge XL,BEV,105,250,2021
EV001409,Selva,Corta+,BEV,52,100,2020
EV001410,Aurex,Lumen,BEV,58,120,2026
EV001411,Vantor,Arc GT,BEV,91,220,2026
EV001412,Vantor,Arc,BEV,64,135,2019
EV001413,Aurex,Lumen LR,BEV,77,150,2019
EV001414,Selva,Corta,BEV,42,85,2025
EV001415,Aurex,Lumen LR,BEV,77,150,2021
EV001416,Aurex,Lumen LR,BEV,77,150,2019
EV001417,Marden,Ridge,BEV,82,175,2022
EV001418,Vantor,Arc GT,BEV,91,220,2024
EV001419,Marden,Ridge,BEV,82,175,2021
EV001420,Selva,Corta,BEV,42,85,2021
EV001421,Selva,Corta,BEV,42,85,2021
EV001422,Vantor,Arc,BEV,64,135,2023
EV001423,Vantor,Arc GT,BEV,91,220,2021
EV001424,Selva,Corta,BEV,42,85,2026
EV001425,Vantor,Arc GT,BEV,91,220,2025
EV001426,Marden,Ridge XL,BEV,105,250,2025
EV001427,Vantor,Arc,BEV,64,135,2020
EV001428,Vantor,Arc,BEV,64,135,2019
EV001429,Vantor,Arc GT,BEV,91,220,2026
EV001430,Marden,Ridge XL,BEV,105,250,2021
EV001431,Marden,Ridge XL,BEV,105,250,2023
EV001432,Selva,Corta+,BEV,52,100,2022
EV001433,Vantor,Arc GT,BEV,91,220,2024
EV001434,Selva,Corta+,BEV,52,100,2024
EV001435,Marden,Ridge XL,BEV,105,250,2020
EV001436,Vantor,Arc,BEV,64,135,2019
EV001437,Marden,Ridge,BEV,82,175,2024
EV001438,Marden,Ridge,BEV,82,175,2025
EV001439,Vantor,Arc GT,BEV,91,220,2025
EV001440,Aurex,Lumen LR,BEV,77,150,2025
EV001441,Selva,Corta+,BEV,52,100,2019
EV001442,Aurex,Lumen LR,BEV,77,150,2026
EV001443,Vantor,Arc GT,BEV,91,220,2021
EV001444,Selva,Corta+,BEV,52,100,2020
EV001445,Selva,Corta PHV,PHEV,9,4,2025
EV001446,Aurex,Lumen LR,BEV,77,150,2020
EV001447,Aurex,Lumen,BEV,58,120,2023
EV001448,Selva,Corta,BEV,42,85,2025
EV001449,Selva,Corta PHV,PHEV,9,4,2025
EV001450,Aurex,Lumen,BEV,58,120,2023
EV001451,Selva,Corta+,BEV,52,100,2022
EV001452,Aurex,Lumen,BEV,58,120,2020
EV001453,Selva,Corta+,BEV,52,100,2021
EV001454,Aurex,Lumen LR,BEV,77,150,2019
EV001455,Marden,Ridge,BEV,82,175,2022
EV001456,Vantor,Arc GT,BEV,91,220,2020
EV001457,Marden,Ridge,BEV,82,175,2023
EV001458,Vantor,Arc,BEV,64,135,2024
EV001459,Aurex,Lumen,BEV,58,120,2021
EV001460,Aurex,Lumen LR,BEV,77,150,2024
EV001461,Vantor,Arc,BEV,64,135,2026
EV001462,Aurex,Lumen LR,BEV,77,150,2021
EV001463,Aurex,Lumen LR,BEV,77,150,2023
EV001464,Selva,Corta+,BEV,52,100,2026
EV001465,Selva,Corta,BEV,42,85,2019
EV001466,Marden,Ridge XL,BEV,105,250,2023
EV001467,Selva,Corta,BEV,42,85,2020
EV001468,Selva,Corta,BEV,42,85,2023
EV001469,Marden,Ridge,BEV,82,175,2021
EV001470,Marden,Ridge XL,BEV,105,250,2022
EV001471,Selva,Corta+,BEV,52,100,2019
EV001472,Aurex,Lumen,BEV,58,120,2022
EV001473,Selva,Corta,BEV,42,85,2024
EV001474,Aurex,Lumen,BEV,58,120,2021
EV001475,Selva,Corta+,BEV,52,100,2020
EV001476,Aurex,Lumen,BEV,58,120,2025
EV001477,Selva,Corta,BEV,42,85,2020
EV001478,Aurex,Lumen LR,BEV,77,150,2022
EV001479,Marden,Ridge XL,BEV,105,250,2020
EV001480,Aurex,Lumen,BEV,58,120,2020
EV001481,Marden,Ridge,BEV,82,175,2026
EV001482,Marden,Ridge,BEV,82,175,2022
EV001483,Vantor,Arc,BEV,64,135,2026
EV001484,Selva,Corta+,BEV,52,100,2026
EV001485,Vantor,Arc GT,BEV,91,220,2024
EV001486,Vantor,Arc,BEV,64,135,2024
EV001487,Vantor,Arc,BEV,64,135,2025
EV001488,Aurex,Lumen,BEV,58,120,2019
EV001489,Marden,Ridge,BEV,82,175,2023
EV001490,Aurex,Lumen,BEV,58,120,2022
EV001491,Aurex,Lumen LR,BEV,77,150,2023
EV001492,Aurex,Lumen,BEV,58,120,2022
EV001493,Marden,Ridge XL,BEV,105,250,2025
EV001494,Selva,Corta,BEV,42,85,2019
EV001495,Selva,Corta,BEV,42,85,2025
EV001496,Selva,Corta+,BEV,52,100,2026
EV001497,Marden,Ridge XL,BEV,105,250,2025
EV001498,Selva,Corta+,BEV,52,100,2026
EV001499,Selva,Corta,BEV,42,85,2020
EV001500,Vantor,Arc,BEV,64,135,2019
EV001501,Selva,Corta,BEV,42,85,2020
EV001502,Marden,Ridge PHV,PHEV,18,7,2023
EV001503,Selva,Corta+,BEV,52,100,2019
EV001504,Selva,Corta,BEV,42,85,2021
EV001505,Aurex,Lumen PHV,PHEV,14,7,2020
EV001506,Aurex,Lumen,BEV,58,120,2020
EV001507,Aurex,Lumen,BEV,58,120,2023
EV001508,Marden,Ridge XL,BEV,105,250,2021
EV001509,Selva,Corta PHV,PHEV,9,4,2023
EV001510,Aurex,Lumen,BEV,58,120,2019
EV001511,Aurex,Lumen,BEV,58,120,2025
EV001512,Aurex,Lumen,BEV,58,120,2024
EV001513,Selva,Corta+,BEV,52,100,2024
EV001514,Aurex,Lumen LR,BEV,77,150,2021
EV001515,Selva,Corta+,BEV,52,100,2026
EV001516,Marden,Ridge,BEV,82,175,2024
EV001517,Aurex,Lumen,BEV,58,120,2021
EV001518,Aurex,Lumen PHV,PHEV,14,7,2025
EV001519,Vantor,Arc,BEV,64,135,2026
EV001520,Selva,Corta+,BEV,52,100,2023
EV001521,Vantor,Arc GT,BEV,91,220,2022
EV001522,Vantor,Arc GT,BEV,91,220,2021
EV001523,Vantor,Arc GT,BEV,91,220,2021
EV001524,Aurex,Lumen,BEV,58,120,2020
EV001525,Vantor,Arc GT,BEV,91,220,2019
EV001526,Vantor,Arc,BEV,64,135,2024
EV001527,Vantor,Arc GT,BEV,91,220,2023
EV001528,Aurex,Lumen LR,BEV,77,150,2024
EV001529,Vantor,Arc GT,BEV,91,220,2025
EV001530,Marden,Ridge,BEV,82,175,2025
EV001531,Marden,Ridge PHV,PHEV,18,7,2020
EV001532,Aurex,Lumen LR,BEV,77,150,2020
EV001533,Marden,Ridge XL,BEV,105,250,2022
EV001534,Selva,Corta+,BEV,52,100,2019
EV001535,Aurex,Lumen,BEV,58,120,2023
EV001536,Aurex,Lumen,BEV,58,120,2026
EV001537,Aurex,Lumen PHV,PHEV,14,7,2024
EV001538,Vantor,Arc,BEV,64,135,2023
EV001539,Aurex,Lumen,BEV,58,120,2025
EV001540,Marden,Ridge,BEV,82,175,2019
EV001541,Marden,Ridge,BEV,82,175,2022
EV001542,Aurex,Lumen PHV,PHEV,14,7,2024
EV001543,Selva,Corta,BEV,42,85,2026
EV001544,Vantor,Arc,BEV,64,135,2019
EV001545,Vantor,Arc,BEV,64,135,2019
EV001546,Aurex,Lumen LR,BEV,77,150,2024
EV001547,Selva,Corta+,BEV,52,100,2024
EV001548,Selva,Corta PHV,PHEV,9,4,2023
EV001549,Aurex,Lumen,BEV,58,120,2019
EV001550,Vantor,Arc GT,BEV,91,220,2024
EV001551,Vantor,Arc GT,BEV,91,220,2023
EV001552,Aurex,Lumen,BEV,58,120,2019
EV001553,Selva,Corta+,BEV,52,100,2019
EV001554,Marden,Ridge PHV,PHEV,18,7,2026
EV001555,Vantor,Arc,BEV,64,135,2025
EV001556,Marden,Ridge,BEV,82,175,2026
EV001557,Aurex,Lumen PHV,PHEV,14,7,2020
EV001558,Vantor,Arc,BEV,64,135,2026
EV001559,Vantor,Arc PHV,PHEV,11,7,2023
EV001560,Marden,Ridge,BEV,82,175,2025
EV001561,Selva,Corta+,BEV,52,100,2024
EV001562,Aurex,Lumen LR,BEV,77,150,2021
EV001563,Vantor,Arc,BEV,64,135,2021
EV001564,Aurex,Lumen,BEV,58,120,2026
EV001565,Aurex,Lumen PHV,PHEV,14,7,2026
EV001566,Marden,Ridge XL,BEV,105,250,2023
EV001567,Aurex,Lumen,BEV,58,120,2023
EV001568,Selva,Corta,BEV,42,85,2024
EV001569,Aurex,Lumen LR,BEV,77,150,2025
EV001570,Marden,Ridge XL,BEV,105,250,2024
EV001571,Selva,Corta+,BEV,52,100,2020
EV001572,Selva,Corta PHV,PHEV,9,4,2020
EV001573,Marden,Ridge,BEV,82,175,2026
EV001574,Aurex,Lumen,BEV,58,120,2025
EV001575,Vantor,Arc GT,BEV,91,220,2020
EV001576,Selva,Corta+,BEV,52,100,2024
EV001577,Vantor,Arc PHV,PHEV,11,7,2022
EV001578,Vantor,Arc GT,BEV,91,220,2020
EV001579,Aurex,Lumen LR,BEV,77,150,2023
EV001580,Vantor,Arc,BEV,64,135,2022
EV001581,Vantor,Arc,BEV,64,135,2025
EV001582,Aurex,Lumen LR,BEV,77,150,2020
EV001583,Vantor,Arc GT,BEV,91,220,2024
EV001584,Vantor,Arc,BEV,64,135,2022
EV001585,Selva,Corta,BEV,42,85,2026
EV001586,Aurex,Lumen PHV,PHEV,14,7,2026
EV001587,Selva,Corta PHV,PHEV,9,4,2023
EV001588,Aurex,Lumen LR,BEV,77,150,2022
EV001589,Selva,Corta+,BEV,52,100,2025
EV001590,Marden,Ridge,BEV,82,175,2022
EV001591,Aurex,Lumen LR,BEV,77,150,2022
EV001592,Selva,Corta,BEV,42,85,2025
EV001593,Aurex,Lumen LR,BEV,77,150,2019
EV001594,Vantor,Arc GT,BEV,91,220,2019
EV001595,Vantor,Arc,BEV,64,135,2020
EV001596,Marden,Ridge XL,BEV,105,250,2019
EV001597,Vantor,Arc,BEV,64,135,2019
EV001598,Selva,Corta,BEV,42,85,2024
EV001599,Selva,Corta+,BEV,52,100,2019
EV001600,Vantor,Arc GT,BEV,91,220,2020
EV001601,Vantor,Arc PHV,PHEV,11,7,2019
EV001602,Vantor,Arc GT,BEV,91,220,2023
EV001603,Vantor,Arc GT,BEV,91,220,2020
EV001604,Marden,Ridge,BEV,82,175,2025
EV001605,Selva,Corta,BEV,42,85,2024
EV001606,Marden,Ridge,BEV,82,175,2023
EV001607,Aurex,Lumen LR,BEV,77,150,2020
EV001608,Aurex,Lumen LR,BEV,77,150,2019
EV001609,Marden,Ridge,BEV,82,175,2026
EV001610,Vantor,Arc GT,BEV,91,220,2020
EV001611,Marden,Ridge XL,BEV,105,250,2022
EV001612,Vantor,Arc,BEV,64,135,2023
EV001613,Vantor,Arc,BEV,64,135,2023
EV001614,Marden,Ridge XL,BEV,105,250,2026
EV001615,Vantor,Arc GT,BEV,91,220,2020
EV001616,Aurex,Lumen LR,BEV,77,150,2024
EV001617,Vantor,Arc,BEV,64,135,2024
EV001618,Marden,Ridge XL,BEV,105,250,2024
EV001619,Vantor,Arc,BEV,64,135,2026
EV001620,Selva,Corta+,BEV,52,100,2023
EV001621,Marden,Ridge XL,BEV,105,250,2025
EV001622,Selva,Corta+,BEV,52,100,2021
EV001623,Marden,Ridge,BEV,82,175,2021
EV001624,Marden,Ridge PHV,PHEV,18,7,2023
EV001625,Vantor,Arc,BEV,64,135,2022
EV001626,Aurex,Lumen PHV,PHEV,14,7,2019
EV001627,Selva,Corta+,BEV,52,100,2022
EV001628,Aurex,Lumen LR,BEV,77,150,2022
EV001629,Aurex,Lumen LR,BEV,77,150,2025
EV001630,Vantor,Arc GT,BEV,91,220,2025
EV001631,Aurex,Lumen LR,BEV,77,150,2023
EV001632,Marden,Ridge XL,BEV,105,250,2020
EV001633,Selva,Corta+,BEV,52,100,2023
EV001634,Aurex,Lumen,BEV,58,120,2024
EV001635,Aurex,Lumen PHV,PHEV,14,7,2019
EV001636,Selva,Corta+,BEV,52,100,2024
EV001637,Selva,Corta,BEV,42,85,2022
EV001638,Aurex,Lumen LR,BEV,77,150,2020
EV001639,Selva,Corta,BEV,42,85,2021
EV001640,Vantor,Arc PHV,PHEV,11,7,2025
EV001641,Selva,Corta+,BEV,52,100,2021
EV001642,Selva,Corta,BEV,42,85,2020
EV001643,Selva,Corta+,BEV,52,100,2025
EV001644,Selva,Corta+,BEV,52,100,2026
EV001645,Selva,Corta+,BEV,52,100,2022
EV001646,Aurex,Lumen LR,BEV,77,150,2021
EV001647,Aurex,Lumen LR,BEV,77,150,2021
EV001648,Aurex,Lumen,BEV,58,120,2023
EV001649,Marden,Ridge XL,BEV,105,250,2019
EV001650,Aurex,Lumen,BEV,58,120,2026
EV001651,Vantor,Arc,BEV,64,135,2020
EV001652,Selva,Corta+,BEV,52,100,2025
EV001653,Selva,Corta,BEV,42,85,2026
EV001654,Aurex,Lumen PHV,PHEV,14,7,2022
EV001655,Aurex,Lumen LR,BEV,77,150,2023
EV001656,Aurex,Lumen LR,BEV,77,150,2020
EV001657,Aurex,Lumen LR,BEV,77,150,2023
EV001658,Selva,Corta,BEV,42,85,2023
EV001659,Vantor,Arc,BEV,64,135,2024
EV001660,Selva,Corta,BEV,42,85,2023
EV001661,Marden,Ridge,BEV,82,175,2024
EV001662,Vantor,Arc,BEV,64,135,2019
EV001663,Marden,Ridge,BEV,82,175,2019
EV001664,Aurex,Lumen,BEV,58,120,2022
EV001665,Selva,Corta+,BEV,52,100,2020
EV001666,Vantor,Arc PHV,PHEV,11,7,2026
EV001667,Vantor,Arc PHV,PHEV,11,7,2024
EV001668,Selva,Corta+,BEV,52,100,2023
EV001669,Marden,Ridge PHV,PHEV,18,7,2024
EV001670,Vantor,Arc,BEV,64,135,2020
EV001671,Vantor,Arc,BEV,64,135,2025
EV001672,Selva,Corta,BEV,42,85,2024
EV001673,Selva,Corta,BEV,42,85,2025
EV001674,Marden,Ridge XL,BEV,105,250,2022
EV001675,Selva,Corta,BEV,42,85,2024
EV001676,Aurex,Lumen,BEV,58,120,2026
EV001677,Marden,Ridge,BEV,82,175,2021
EV001678,Vantor,Arc,BEV,64,135,2022
EV001679,Aurex,Lumen PHV,PHEV,14,7,2024
EV001680,Aurex,Lumen LR,BEV,77,150,2019
EV001681,Vantor,Arc,BEV,64,135,2023
EV001682,Aurex,Lumen LR,BEV,77,150,2020
EV001683,Vantor,Arc,BEV,64,135,2024
EV001684,Selva,Corta+,BEV,52,100,2020
EV001685,Vantor,Arc,BEV,64,135,2019
EV001686,Aurex,Lumen,BEV,58,120,2026
EV001687,Selva,Corta+,BEV,52,100,2020
EV001688,Marden,Ridge,BEV,82,175,2021
EV001689,Aurex,Lumen LR,BEV,77,150,2023
EV001690,Vantor,Arc GT,BEV,91,220,2021
EV001691,Aurex,Lumen,BEV,58,120,2023
EV001692,Aurex,Lumen,BEV,58,120,2026
EV001693,Vantor,Arc GT,BEV,91,220,2019
EV001694,Vantor,Arc,BEV,64,135,2020
EV001695,Aurex,Lumen PHV,PHEV,14,7,2022
EV001696,Aurex,Lumen,BEV,58,120,2023
EV001697,Selva,Corta+,BEV,52,100,2023
EV001698,Marden,Ridge,BEV,82,175,2026
EV001699,Vantor,Arc GT,BEV,91,220,2020
EV001700,Selva,Corta,BEV,42,85,2026
EV001701,Vantor,Arc,BEV,64,135,2019
EV001702,Vantor,Arc,BEV,64,135,2020
EV001703,Aurex,Lumen,BEV,58,120,2022
EV001704,Vantor,Arc PHV,PHEV,11,7,2022
EV001705,Aurex,Lumen,BEV,58,120,2026
EV001706,Aurex,Lumen LR,BEV,77,150,2021
EV001707,Marden,Ridge,BEV,82,175,2022
EV001708,Selva,Corta,BEV,42,85,2024
EV001709,Selva,Corta,BEV,42,85,2024
EV001710,Vantor,Arc,BEV,64,135,2020
EV001711,Aurex,Lumen LR,BEV,77,150,2020
EV001712,Marden,Ridge XL,BEV,105,250,2020
EV001713,Aurex,Lumen LR,BEV,77,150,2022
EV001714,Vantor,Arc,BEV,64,135,2021
EV001715,Marden,Ridge,BEV,82,175,2023
EV001716,Vantor,Arc,BEV,64,135,2020
EV001717,Selva,Corta PHV,PHEV,9,4,2019
EV001718,Aurex,Lumen LR,BEV,77,150,2024
EV001719,Selva,Corta,BEV,42,85,2024
EV001720,Selva,Corta,BEV,42,85,2021
EV001721,Selva,Corta,BEV,42,85,2022
EV001722,Marden,Ridge XL,BEV,105,250,2022
EV001723,Aurex,Lumen,BEV,58,120,2019
EV001724,Selva,Corta+,BEV,52,100,2021
EV001725,Marden,Ridge XL,BEV,105,250,2021
EV001726,Aurex,Lumen,BEV,58,120,2022
EV001727,Selva,Corta+,BEV,52,100,2024
EV001728,Selva,Corta,BEV,42,85,2021
EV001729,Vantor,Arc GT,BEV,91,220,2023
EV001730,Selva,Corta,BEV,42,85,2021
EV001731,Selva,Corta+,BEV,52,100,2023
EV001732,Marden,Ridge,BEV,82,175,2024
EV001733,Aurex,Lumen PHV,PHEV,14,7,2023
EV001734,Marden,Ridge,BEV,82,175,2020
EV001735,Marden,Ridge PHV,PHEV,18,7,2026
EV001736,Marden,Ridge,BEV,82,175,2024
EV001737,Vantor,Arc,BEV,64,135,2024
EV001738,Aurex,Lumen LR,BEV,77,150,2021
EV001739,Aurex,Lumen,BEV,58,120,2021
EV001740,Vantor,Arc,BEV,64,135,2019
EV001741,Aurex,Lumen LR,BEV,77,150,2022
EV001742,Marden,Ridge,BEV,82,175,2019
EV001743,Marden,Ridge,BEV,82,175,2022
EV001744,Selva,Corta+,BEV,52,100,2026
EV001745,Vantor,Arc GT,BEV,91,220,2026
EV001746,Selva,Corta,BEV,42,85,2019
EV001747,Vantor,Arc,BEV,64,135,2023
EV001748,Vantor,Arc PHV,PHEV,11,7,2021
EV001749,Aurex,Lumen,BEV,58,120,2020
EV001750,Vantor,Arc,BEV,64,135,2025
EV001751,Selva,Corta+,BEV,52,100,2019
EV001752,Aurex,Lumen LR,BEV,77,150,2019
EV001753,Marden,Ridge XL,BEV,105,250,2019
EV001754,Selva,Corta,BEV,42,85,2020
EV001755,Vantor,Arc GT,BEV,91,220,2021
EV001756,Aurex,Lumen,BEV,58,120,2021
EV001757,Vantor,Arc,BEV,64,135,2020
EV001758,Selva,Corta+,BEV,52,100,2025
EV001759,Vantor,Arc,BEV,64,135,2025
EV001760,Aurex,Lumen,BEV,58,120,2019
EV001761,Selva,Corta+,BEV,52,100,2020
EV001762,Vantor,Arc,BEV,64,135,2026
EV001763,Marden,Ridge XL,BEV,105,250,2024
EV001764,Marden,Ridge,BEV,82,175,2019
EV001765,Marden,Ridge,BEV,82,175,2019
EV001766,Aurex,Lumen PHV,PHEV,14,7,2023
EV001767,Marden,Ridge XL,BEV,105,250,2019
EV001768,Vantor,Arc GT,BEV,91,220,2025
EV001769,Selva,Corta+,BEV,52,100,2026
EV001770,Vantor,Arc,BEV,64,135,2023
EV001771,Aurex,Lumen LR,BEV,77,150,2025
EV001772,Aurex,Lumen LR,BEV,77,150,2023
EV001773,Aurex,Lumen LR,BEV,77,150,2025
EV001774,Vantor,Arc,BEV,64,135,2022
EV001775,Vantor,Arc,BEV,64,135,2021
EV001776,Marden,Ridge,BEV,82,175,2021
EV001777,Vantor,Arc,BEV,64,135,2019
EV001778,Aurex,Lumen,BEV,58,120,2026
EV001779,Vantor,Arc GT,BEV,91,220,2019
EV001780,Aurex,Lumen LR,BEV,77,150,2022
EV001781,Marden,Ridge,BEV,82,175,2021
EV001782,Vantor,Arc,BEV,64,135,2024
EV001783,Selva,Corta+,BEV,52,100,2024
EV001784,Aurex,Lumen LR,BEV,77,150,2023
EV001785,Selva,Corta,BEV,42,85,2019
EV001786,Marden,Ridge XL,BEV,105,250,2026
EV001787,Vantor,Arc,BEV,64,135,2025
EV001788,Selva,Corta,BEV,42,85,2020
EV001789,Selva,Corta,BEV,42,85,2023
EV001790,Aurex,Lumen,BEV,58,120,2020
EV001791,Aurex,Lumen,BEV,58,120,2023
EV001792,Marden,Ridge XL,BEV,105,250,2026
EV001793,Vantor,Arc GT,BEV,91,220,2025
EV001794,Marden,Ridge,BEV,82,175,2023
EV001795,Vantor,Arc GT,BEV,91,220,2022
EV001796,Marden,Ridge XL,BEV,105,250,2024
EV001797,Aurex,Lumen LR,BEV,77,150,2023
EV001798,Selva,Corta,BEV,42,85,2024
EV001799,Selva,Corta+,BEV,52,100,2026
EV001800,Marden,Ridge XL,BEV,105,250,2025
EV001801,Aurex,Lumen,BEV,58,120,2024
EV001802,Vantor,Arc GT,BEV,91,220,2025
EV001803,Selva,Corta,BEV,42,85,2019
EV001804,Selva,Corta+,BEV,52,100,2024
EV001805,Aurex,Lumen LR,BEV,77,150,2020
EV001806,Selva,Corta+,BEV,52,100,2019
EV001807,Marden,Ridge,BEV,82,175,2019
EV001808,Marden,Ridge,BEV,82,175,2025
EV001809,Vantor,Arc,BEV,64,135,2023
EV001810,Selva,Corta,BEV,42,85,2019
EV001811,Vantor,Arc,BEV,64,135,2023
EV001812,Vantor,Arc GT,BEV,91,220,2025
EV001813,Vantor,Arc GT,BEV,91,220,2026
EV001814,Selva,Corta PHV,PHEV,9,4,2019
EV001815,Aurex,Lumen,BEV,58,120,2021
EV001816,Selva,Corta PHV,PHEV,9,4,2025
EV001817,Aurex,Lumen,BEV,58,120,2020
EV001818,Aurex,Lumen,BEV,58,120,2024
EV001819,Aurex,Lumen LR,BEV,77,150,2024
EV001820,Vantor,Arc,BEV,64,135,2019
EV001821,Marden,Ridge XL,BEV,105,250,2020
EV001822,Marden,Ridge XL,BEV,105,250,2025
EV001823,Vantor,Arc PHV,PHEV,11,7,2025
EV001824,Vantor,Arc GT,BEV,91,220,2023
EV001825,Aurex,Lumen,BEV,58,120,2025
EV001826,Selva,Corta+,BEV,52,100,2019
EV001827,Aurex,Lumen PHV,PHEV,14,7,2020
EV001828,Aurex,Lumen,BEV,58,120,2026
EV001829,Marden,Ridge XL,BEV,105,250,2019
EV001830,Aurex,Lumen,BEV,58,120,2023
EV001831,Marden,Ridge,BEV,82,175,2024
EV001832,Selva,Corta,BEV,42,85,2022
EV001833,Vantor,Arc PHV,PHEV,11,7,2021
EV001834,Aurex,Lumen PHV,PHEV,14,7,2026
EV001835,Aurex,Lumen,BEV,58,120,2026
EV001836,Selva,Corta,BEV,42,85,2020
EV001837,Vantor,Arc,BEV,64,135,2024
EV001838,Selva,Corta,BEV,42,85,2020
EV001839,Aurex,Lumen,BEV,58,120,2020
EV001840,Vantor,Arc GT,BEV,91,220,2026
EV001841,Vantor,Arc GT,BEV,91,220,2023
EV001842,Aurex,Lumen,BEV,58,120,2020
EV001843,Selva,Corta,BEV,42,85,2021
EV001844,Aurex,Lumen PHV,PHEV,14,7,2025
EV001845,Aurex,Lumen,BEV,58,120,2025
EV001846,Selva,Corta PHV,PHEV,9,4,2020
EV001847,Selva,Corta,BEV,42,85,2020
EV001848,Aurex,Lumen LR,BEV,77,150,2025
EV001849,Marden,Ridge PHV,PHEV,18,7,2026
EV001850,Selva,Corta,BEV,42,85,2022
EV001851,Selva,Corta,BEV,42,85,2026
EV001852,Vantor,Arc GT,BEV,91,220,2023
EV001853,Aurex,Lumen PHV,PHEV,14,7,2026
EV001854,Aurex,Lumen LR,BEV,77,150,2023
EV001855,Aurex,Lumen LR,BEV,77,150,2023
EV001856,Vantor,Arc,BEV,64,135,2022
EV001857,Aurex,Lumen,BEV,58,120,2026
EV001858,Marden,Ridge XL,BEV,105,250,2023
EV001859,Selva,Corta,BEV,42,85,2019
EV001860,Selva,Corta+,BEV,52,100,2024
EV001861,Aurex,Lumen PHV,PHEV,14,7,2021
EV001862,Selva,Corta,BEV,42,85,2020
EV001863,Vantor,Arc,BEV,64,135,2019
EV001864,Selva,Corta,BEV,42,85,2026
EV001865,Selva,Corta,BEV,42,85,2020
EV001866,Vantor,Arc,BEV,64,135,2025
EV001867,Vantor,Arc,BEV,64,135,2025
EV001868,Vantor,Arc GT,BEV,91,220,2020
EV001869,Marden,Ridge,BEV,82,175,2023
EV001870,Aurex,Lumen LR,BEV,77,150,2020
EV001871,Marden,Ridge PHV,PHEV,18,7,2023
EV001872,Vantor,Arc,BEV,64,135,2022
EV001873,Vantor,Arc,BEV,64,135,2025
EV001874,Aurex,Lumen LR,BEV,77,150,2025
EV001875,Vantor,Arc GT,BEV,91,220,2023
EV001876,Vantor,Arc GT,BEV,91,220,2023
EV001877,Marden,Ridge,BEV,82,175,2020
EV001878,Aurex,Lumen PHV,PHEV,14,7,2021
EV001879,Vantor,Arc,BEV,64,135,2024
EV001880,Marden,Ridge XL,BEV,105,250,2025
EV001881,Vantor,Arc,BEV,64,135,2021
EV001882,Vantor,Arc GT,BEV,91,220,2020
EV001883,Aurex,Lumen LR,BEV,77,150,2021
EV001884,Aurex,Lumen PHV,PHEV,14,7,2024
EV001885,Vantor,Arc GT,BEV,91,220,2022
EV001886,Marden,Ridge,BEV,82,175,2025
EV001887,Aurex,Lumen,BEV,58,120,2020
EV001888,Marden,Ridge,BEV,82,175,2019
EV001889,Vantor,Arc,BEV,64,135,2023
EV001890,Selva,Corta,BEV,42,85,2023
EV001891,Marden,Ridge,BEV,82,175,2023
EV001892,Aurex,Lumen LR,BEV,77,150,2023
EV001893,Selva,Corta,BEV,42,85,2024
EV001894,Marden,Ridge XL,BEV,105,250,2026
EV001895,Aurex,Lumen LR,BEV,77,150,2021
EV001896,Selva,Corta,BEV,42,85,2021
EV001897,Aurex,Lumen LR,BEV,77,150,2021
EV001898,Aurex,Lumen LR,BEV,77,150,2022
EV001899,Selva,Corta,BEV,42,85,2022
EV001900,Selva,Corta,BEV,42,85,2026
EV001901,Selva,Corta+,BEV,52,100,2020
EV001902,Marden,Ridge XL,BEV,105,250,2020
EV001903,Marden,Ridge,BEV,82,175,2025
EV001904,Vantor,Arc GT,BEV,91,220,2026
EV001905,Selva,Corta,BEV,42,85,2019
EV001906,Marden,Ridge,BEV,82,175,2021
EV001907,Marden,Ridge XL,BEV,105,250,2023
EV001908,Marden,Ridge,BEV,82,175,2021
EV001909,Selva,Corta,BEV,42,85,2020
EV001910,Aurex,Lumen LR,BEV,77,150,2026
EV001911,Marden,Ridge XL,BEV,105,250,2020
EV001912,Vantor,Arc,BEV,64,135,2022
EV001913,Vantor,Arc GT,BEV,91,220,2024
EV001914,Aurex,Lumen PHV,PHEV,14,7,2020
EV001915,Aurex,Lumen LR,BEV,77,150,2024
EV001916,Vantor,Arc PHV,PHEV,11,7,2020
EV001917,Vantor,Arc,BEV,64,135,2026
EV001918,Aurex,Lumen,BEV,58,120,2024
EV001919,Selva,Corta,BEV,42,85,2026
EV001920,Marden,Ridge XL,BEV,105,250,2024
EV001921,Vantor,Arc GT,BEV,91,220,2021
EV001922,Marden,Ridge XL,BEV,105,250,2020
EV001923,Vantor,Arc GT,BEV,91,220,2023
EV001924,Marden,Ridge XL,BEV,105,250,2022
EV001925,Aurex,Lumen LR,BEV,77,150,2026
EV001926,Vantor,Arc,BEV,64,135,2021
EV001927,Aurex,Lumen LR,BEV,77,150,2021
EV001928,Marden,Ridge,BEV,82,175,2025
EV001929,Selva,Corta,BEV,42,85,2025
EV001930,Marden,Ridge,BEV,82,175,2021
EV001931,Vantor,Arc,BEV,64,135,2023
EV001932,Marden,Ridge,BEV,82,175,2023
EV001933,Marden,Ridge PHV,PHEV,18,7,2025
EV001934,Aurex,Lumen,BEV,58,120,2026
EV001935,Vantor,Arc,BEV,64,135,2022
EV001936,Marden,Ridge XL,BEV,105,250,2020
EV001937,Marden,Ridge XL,BEV,105,250,2019
EV001938,Aurex,Lumen PHV,PHEV,14,7,2026
EV001939,Vantor,Arc,BEV,64,135,2025
EV001940,Selva,Corta+,BEV,52,100,2022
EV001941,Aurex,Lumen,BEV,58,120,2025
EV001942,Vantor,Arc GT,BEV,91,220,2024
EV001943,Selva,Corta+,BEV,52,100,2023
EV001944,Vantor,Arc,BEV,64,135,2021
EV001945,Vantor,Arc GT,BEV,91,220,2020
EV001946,Vantor,Arc GT,BEV,91,220,2024
EV001947,Aurex,Lumen,BEV,58,120,2020
EV001948,Aurex,Lumen,BEV,58,120,2024
EV001949,Marden,Ridge XL,BEV,105,250,2022
EV001950,Aurex,Lumen,BEV,58,120,2023
EV001951,Marden,Ridge PHV,PHEV,18,7,2019
EV001952,Aurex,Lumen PHV,PHEV,14,7,2025
EV001953,Marden,Ridge PHV,PHEV,18,7,2024
EV001954,Marden,Ridge XL,BEV,105,250,2022
EV001955,Aurex,Lumen,BEV,58,120,2023
EV001956,Aurex,Lumen LR,BEV,77,150,2019
EV001957,Vantor,Arc,BEV,64,135,2025
EV001958,Aurex,Lumen LR,BEV,77,150,2026
EV001959,Aurex,Lumen,BEV,58,120,2026
EV001960,Vantor,Arc PHV,PHEV,11,7,2023
EV001961,Vantor,Arc PHV,PHEV,11,7,2026
EV001962,Marden,Ridge XL,BEV,105,250,2023
EV001963,Vantor,Arc,BEV,64,135,2026
EV001964,Marden,Ridge XL,BEV,105,250,2023
EV001965,Marden,Ridge XL,BEV,105,250,2021
EV001966,Vantor,Arc,BEV,64,135,2019
EV001967,Aurex,Lumen LR,BEV,77,150,2019
EV001968,Aurex,Lumen LR,BEV,77,150,2021
EV001969,Vantor,Arc GT,BEV,91,220,2024
EV001970,Marden,Ridge XL,BEV,105,250,2019
EV001971,Aurex,Lumen,BEV,58,120,2020
EV001972,Vantor,Arc GT,BEV,91,220,2024
EV001973,Vantor,Arc GT,BEV,91,220,2024
EV001974,Aurex,Lumen PHV,PHEV,14,7,2025
EV001975,Aurex,Lumen LR,BEV,77,150,2024
EV001976,Marden,Ridge,BEV,82,175,2024
EV001977,Vantor,Arc,BEV,64,135,2022
EV001978,Selva,Corta+,BEV,52,100,2025
EV001979,Marden,Ridge XL,BEV,105,250,2024
EV001980,Marden,Ridge XL,BEV,105,250,2021
EV001981,Marden,Ridge XL,BEV,105,250,2020
EV001982,Vantor,Arc,BEV,64,135,2019
EV001983,Vantor,Arc,BEV,64,135,2026
EV001984,Aurex,Lumen LR,BEV,77,150,2022
EV001985,Vantor,Arc,BEV,64,135,2026
EV001986,Aurex,Lumen LR,BEV,77,150,2020
EV001987,Marden,Ridge XL,BEV,105,250,2020
EV001988,Aurex,Lumen,BEV,58,120,2021
EV001989,Aurex,Lumen LR,BEV,77,150,2020
EV001990,Marden,Ridge XL,BEV,105,250,2020
EV001991,Marden,Ridge XL,BEV,105,250,2019
EV001992,Marden,Ridge PHV,PHEV,18,7,2020
EV001993,Vantor,Arc GT,BEV,91,220,2020
EV001994,Aurex,Lumen,BEV,58,120,2024
EV001995,Marden,Ridge XL,BEV,105,250,2025
EV001996,Vantor,Arc,BEV,64,135,2023
EV001997,Marden,Ridge XL,BEV,105,250,2023
EV001998,Aurex,Lumen,BEV,58,120,2025
EV001999,Aurex,Lumen,BEV,58,120,2026
EV002000,Selva,Corta+,BEV,52,100,2026
EV002001,Marden,Ridge,BEV,82,175,2026
EV002002,Selva,Corta+,BEV,52,100,2020
EV002003,Selva,Corta,BEV,42,85,2022
EV002004,Selva,Corta+,BEV,52,100,2026
EV002005,Aurex,Lumen LR,BEV,77,150,2026
EV002006,Aurex,Lumen,BEV,58,120,2025
EV002007,Vantor,Arc GT,BEV,91,220,2025
EV002008,Selva,Corta+,BEV,52,100,2023
EV002009,Vantor,Arc,BEV,64,135,2026
EV002010,Aurex,Lumen LR,BEV,77,150,2026
EV002011,Selva,Corta,BEV,42,85,2024
EV002012,Vantor,Arc GT,BEV,91,220,2023
EV002013,Vantor,Arc,BEV,64,135,2019
EV002014,Vantor,Arc PHV,PHEV,11,7,2019
EV002015,Selva,Corta PHV,PHEV,9,4,2019
EV002016,Aurex,Lumen,BEV,58,120,2019
EV002017,Selva,Corta,BEV,42,85,2021
EV002018,Vantor,Arc,BEV,64,135,2021
EV002019,Vantor,Arc GT,BEV,91,220,2021
EV002020,Aurex,Lumen,BEV,58,120,2024
EV002021,Aurex,Lumen,BEV,58,120,2020
EV002022,Aurex,Lumen,BEV,58,120,2023
EV002023,Aurex,Lumen LR,BEV,77,150,2025
EV002024,Selva,Corta+,BEV,52,100,2024
EV002025,Aurex,Lumen,BEV,58,120,2019
EV002026,Aurex,Lumen PHV,PHEV,14,7,2019
EV002027,Marden,Ridge XL,BEV,105,250,2023
EV002028,Vantor,Arc,BEV,64,135,2020
EV002029,Marden,Ridge,BEV,82,175,2019
EV002030,Selva,Corta PHV,PHEV,9,4,2023
EV002031,Aurex,Lumen LR,BEV,77,150,2020
EV002032,Selva,Corta+,BEV,52,100,2024
EV002033,Selva,Corta,BEV,42,85,2023
EV002034,Vantor,Arc,BEV,64,135,2022
EV002035,Vantor,Arc,BEV,64,135,2022
EV002036,Aurex,Lumen,BEV,58,120,2020
EV002037,Selva,Corta+,BEV,52,100,2020
EV002038,Aurex,Lumen LR,BEV,77,150,2021
EV002039,Vantor,Arc GT,BEV,91,220,2020
EV002040,Vantor,Arc PHV,PHEV,11,7,2025
EV002041,Vantor,Arc GT,BEV,91,220,2025
EV002042,Vantor,Arc,BEV,64,135,2024
EV002043,Vantor,Arc PHV,PHEV,11,7,2021
EV002044,Selva,Corta+,BEV,52,100,2020
EV002045,Selva,Corta+,BEV,52,100,2026
EV002046,Vantor,Arc,BEV,64,135,2026
EV002047,Selva,Corta+,BEV,52,100,2025
EV002048,Vantor,Arc GT,BEV,91,220,2019
EV002049,Selva,Corta+,BEV,52,100,2023
EV002050,Vantor,Arc GT,BEV,91,220,2020
EV002051,Aurex,Lumen,BEV,58,120,2019
EV002052,Aurex,Lumen PHV,PHEV,14,7,2022
EV002053,Marden,Ridge,BEV,82,175,2026
EV002054,Selva,Corta PHV,PHEV,9,4,2025
EV002055,Vantor,Arc,BEV,64,135,2021
EV002056,Vantor,Arc,BEV,64,135,2023
EV002057,Aurex,Lumen LR,BEV,77,150,2026
EV002058,Vantor,Arc,BEV,64,135,2024
EV002059,Vantor,Arc,BEV,64,135,2022
EV002060,Aurex,Lumen LR,BEV,77,150,2026
EV002061,Vantor,Arc,BEV,64,135,2022
EV002062,Vantor,Arc,BEV,64,135,2021
EV002063,Marden,Ridge XL,BEV,105,250,2024
EV002064,Selva,Corta,BEV,42,85,2020
EV002065,Marden,Ridge XL,BEV,105,250,2019
EV002066,Aurex,Lumen,BEV,58,120,2022
EV002067,Aurex,Lumen LR,BEV,77,150,2019
EV002068,Selva,Corta PHV,PHEV,9,4,2023
EV002069,Aurex,Lumen,BEV,58,120,2025
EV002070,Aurex,Lumen,BEV,58,120,2020
EV002071,Selva,Corta,BEV,42,85,2019
EV002072,Vantor,Arc,BEV,64,135,2019
EV002073,Aurex,Lumen LR,BEV,77,150,2019
EV002074,Selva,Corta+,BEV,52,100,2024
EV002075,Selva,Corta+,BEV,52,100,2023
EV002076,Aurex,Lumen LR,BEV,77,150,2026
EV002077,Selva,Corta,BEV,42,85,2020
EV002078,Selva,Corta,BEV,42,85,2026
EV002079,Marden,Ridge XL,BEV,105,250,2025
EV002080,Aurex,Lumen,BEV,58,120,2022
EV002081,Vantor,Arc,BEV,64,135,2024
EV002082,Selva,Corta+,BEV,52,100,2022
EV002083,Aurex,Lumen,BEV,58,120,2019
EV002084,Marden,Ridge XL,BEV,105,250,2025
EV002085,Marden,Ridge PHV,PHEV,18,7,2019
EV002086,Vantor,Arc GT,BEV,91,220,2026
EV002087,Marden,Ridge XL,BEV,105,250,2025
EV002088,Vantor,Arc,BEV,64,135,2021
EV002089,Selva,Corta PHV,PHEV,9,4,2026
EV002090,Aurex,Lumen LR,BEV,77,150,2026
EV002091,Aurex,Lumen,BEV,58,120,2019
EV002092,Aurex,Lumen,BEV,58,120,2024
EV002093,Selva,Corta,BEV,42,85,2020
EV002094,Aurex,Lumen,BEV,58,120,2020
EV002095,Marden,Ridge PHV,PHEV,18,7,2020
EV002096,Selva,Corta+,BEV,52,100,2022
EV002097,Selva,Corta+,BEV,52,100,2023
EV002098,Selva,Corta+,BEV,52,100,2019
EV002099,Vantor,Arc GT,BEV,91,220,2024
EV002100,Aurex,Lumen PHV,PHEV,14,7,2022
EV002101,Marden,Ridge,BEV,82,175,2025
EV002102,Vantor,Arc GT,BEV,91,220,2023
EV002103,Vantor,Arc,BEV,64,135,2023
EV002104,Aurex,Lumen LR,BEV,77,150,2025
EV002105,Vantor,Arc,BEV,64,135,2019
EV002106,Vantor,Arc GT,BEV,91,220,2021
EV002107,Aurex,Lumen,BEV,58,120,2024
EV002108,Vantor,Arc PHV,PHEV,11,7,2024
EV002109,Vantor,Arc,BEV,64,135,2020
EV002110,Selva,Corta,BEV,42,85,2024
EV002111,Aurex,Lumen,BEV,58,120,2022
EV002112,Selva,Corta+,BEV,52,100,2023
EV002113,Selva,Corta+,BEV,52,100,2025
EV002114,Aurex,Lumen,BEV,58,120,2023
EV002115,Marden,Ridge PHV,PHEV,18,7,2024
EV002116,Aurex,Lumen LR,BEV,77,150,2022
EV002117,Vantor,Arc,BEV,64,135,2023
EV002118,Marden,Ridge,BEV,82,175,2023
EV002119,Vantor,Arc GT,BEV,91,220,2020
EV002120,Aurex,Lumen PHV,PHEV,14,7,2022
EV002121,Vantor,Arc,BEV,64,135,2021
EV002122,Vantor,Arc,BEV,64,135,2026
EV002123,Marden,Ridge,BEV,82,175,2021
EV002124,Marden,Ridge XL,BEV,105,250,2019
EV002125,Aurex,Lumen PHV,PHEV,14,7,2026
EV002126,Vantor,Arc,BEV,64,135,2025
EV002127,Selva,Corta,BEV,42,85,2025
EV002128,Vantor,Arc GT,BEV,91,220,2024
EV002129,Marden,Ridge,BEV,82,175,2022
EV002130,Vantor,Arc,BEV,64,135,2019
EV002131,Marden,Ridge XL,BEV,105,250,2022
EV002132,Marden,Ridge,BEV,82,175,2024
EV002133,Aurex,Lumen LR,BEV,77,150,2021
EV002134,Vantor,Arc,BEV,64,135,2021
EV002135,Vantor,Arc GT,BEV,91,220,2026
EV002136,Vantor,Arc PHV,PHEV,11,7,2023
EV002137,Selva,Corta,BEV,42,85,2021
EV002138,Selva,Corta+,BEV,52,100,2023
EV002139,Vantor,Arc PHV,PHEV,11,7,2026
EV002140,Vantor,Arc GT,BEV,91,220,2024
EV002141,Selva,Corta PHV,PHEV,9,4,2023
EV002142,Vantor,Arc,BEV,64,135,2022
EV002143,Aurex,Lumen,BEV,58,120,2025
EV002144,Aurex,Lumen,BEV,58,120,2024
EV002145,Marden,Ridge,BEV,82,175,2025
EV002146,Vantor,Arc GT,BEV,91,220,2020
EV002147,Marden,Ridge XL,BEV,105,250,2023
EV002148,Selva,Corta,BEV,42,85,2019
EV002149,Marden,Ridge,BEV,82,175,2024
EV002150,Vantor,Arc GT,BEV,91,220,2024
EV002151,Selva,Corta+,BEV,52,100,2020
EV002152,Marden,Ridge,BEV,82,175,2026
EV002153,Vantor,Arc GT,BEV,91,220,2024
EV002154,Selva,Corta,BEV,42,85,2019
EV002155,Marden,Ridge XL,BEV,105,250,2026
EV002156,Vantor,Arc PHV,PHEV,11,7,2026
EV002157,Vantor,Arc GT,BEV,91,220,2019
EV002158,Aurex,Lumen,BEV,58,120,2022
EV002159,Marden,Ridge XL,BEV,105,250,2024
EV002160,Selva,Corta,BEV,42,85,2024
EV002161,Marden,Ridge PHV,PHEV,18,7,2023
EV002162,Marden,Ridge XL,BEV,105,250,2021
EV002163,Vantor,Arc GT,BEV,91,220,2026
EV002164,Marden,Ridge XL,BEV,105,250,2024
EV002165,Selva,Corta+,BEV,52,100,2020
EV002166,Marden,Ridge,BEV,82,175,2022
EV002167,Aurex,Lumen PHV,PHEV,14,7,2019
EV002168,Selva,Corta+,BEV,52,100,2025
EV002169,Selva,Corta PHV,PHEV,9,4,2019
EV002170,Vantor,Arc GT,BEV,91,220,2021
EV002171,Vantor,Arc GT,BEV,91,220,2020
EV002172,Selva,Corta+,BEV,52,100,2021
EV002173,Vantor,Arc GT,BEV,91,220,2022
EV002174,Marden,Ridge,BEV,82,175,2024
EV002175,Selva,Corta,BEV,42,85,2020
EV002176,Marden,Ridge,BEV,82,175,2019
EV002177,Marden,Ridge XL,BEV,105,250,2019
EV002178,Selva,Corta+,BEV,52,100,2026
EV002179,Vantor,Arc PHV,PHEV,11,7,2020
EV002180,Marden,Ridge XL,BEV,105,250,2023
EV002181,Marden,Ridge XL,BEV,105,250,2026
EV002182,Aurex,Lumen,BEV,58,120,2026
EV002183,Aurex,Lumen,BEV,58,120,2022
EV002184,Selva,Corta+,BEV,52,100,2020
EV002185,Vantor,Arc GT,BEV,91,220,2024
EV002186,Aurex,Lumen PHV,PHEV,14,7,2024
EV002187,Vantor,Arc GT,BEV,91,220,2023
EV002188,Marden,Ridge,BEV,82,175,2020
EV002189,Vantor,Arc,BEV,64,135,2026
EV002190,Selva,Corta+,BEV,52,100,2019
EV002191,Aurex,Lumen PHV,PHEV,14,7,2022
EV002192,Marden,Ridge XL,BEV,105,250,2022
EV002193,Vantor,Arc GT,BEV,91,220,2023
EV002194,Selva,Corta,BEV,42,85,2022
EV002195,Selva,Corta,BEV,42,85,2022
EV002196,Vantor,Arc GT,BEV,91,220,2023
EV002197,Selva,Corta,BEV,42,85,2021
EV002198,Selva,Corta PHV,PHEV,9,4,2022
EV002199,Aurex,Lumen PHV,PHEV,14,7,2024
EV002200,Vantor,Arc,BEV,64,135,2020
EV002201,Marden,Ridge,BEV,82,175,2025
EV002202,Selva,Corta PHV,PHEV,9,4,2024
EV002203,Vantor,Arc GT,BEV,91,220,2024
EV002204,Marden,Ridge XL,BEV,105,250,2021
EV002205,Marden,Ridge XL,BEV,105,250,2026
EV002206,Aurex,Lumen PHV,PHEV,14,7,2021
EV002207,Aurex,Lumen,BEV,58,120,2025
EV002208,Vantor,Arc PHV,PHEV,11,7,2025
EV002209,Marden,Ridge PHV,PHEV,18,7,2026
EV002210,Vantor,Arc,BEV,64,135,2024
EV002211,Selva,Corta+,BEV,52,100,2026
EV002212,Aurex,Lumen,BEV,58,120,2024
EV002213,Selva,Corta+,BEV,52,100,2022
EV002214,Marden,Ridge,BEV,82,175,2026
EV002215,Marden,Ridge,BEV,82,175,2023
EV002216,Marden,Ridge XL,BEV,105,250,2025
EV002217,Vantor,Arc,BEV,64,135,2019
EV002218,Aurex,Lumen LR,BEV,77,150,2020
EV002219,Marden,Ridge XL,BEV,105,250,2022
EV002220,Aurex,Lumen,BEV,58,120,2026
EV002221,Vantor,Arc,BEV,64,135,2022
EV002222,Vantor,Arc,BEV,64,135,2023
EV002223,Marden,Ridge XL,BEV,105,250,2020
EV002224,Selva,Corta,BEV,42,85,2023
EV002225,Marden,Ridge XL,BEV,105,250,2026
EV002226,Marden,Ridge,BEV,82,175,2021
EV002227,Marden,Ridge XL,BEV,105,250,2026
EV002228,Marden,Ridge XL,BEV,105,250,2022
EV002229,Aurex,Lumen PHV,PHEV,14,7,2023
EV002230,Vantor,Arc,BEV,64,135,2023
EV002231,Vantor,Arc GT,BEV,91,220,2025
EV002232,Selva,Corta+,BEV,52,100,2019
EV002233,Selva,Corta+,BEV,52,100,2019
EV002234,Marden,Ridge XL,BEV,105,250,2024
EV002235,Marden,Ridge XL,BEV,105,250,2022
EV002236,Vantor,Arc,BEV,64,135,2021
EV002237,Aurex,Lumen LR,BEV,77,150,2026
EV002238,Marden,Ridge,BEV,82,175,2024
EV002239,Marden,Ridge,BEV,82,175,2019
EV002240,Vantor,Arc,BEV,64,135,2024
EV002241,Aurex,Lumen,BEV,58,120,2023
EV002242,Aurex,Lumen,BEV,58,120,2023
EV002243,Vantor,Arc,BEV,64,135,2020
EV002244,Vantor,Arc,BEV,64,135,2019
EV002245,Aurex,Lumen LR,BEV,77,150,2022
EV002246,Aurex,Lumen,BEV,58,120,2023
EV002247,Aurex,Lumen LR,BEV,77,150,2024
EV002248,Vantor,Arc GT,BEV,91,220,2021
EV002249,Aurex,Lumen,BEV,58,120,2020
EV002250,Aurex,Lumen LR,BEV,77,150,2024
EV002251,Selva,Corta,BEV,42,85,2025
EV002252,Marden,Ridge XL,BEV,105,250,2024
EV002253,Aurex,Lumen PHV,PHEV,14,7,2020
EV002254,Vantor,Arc GT,BEV,91,220,2023
EV002255,Aurex,Lumen LR,BEV,77,150,2026
EV002256,Vantor,Arc,BEV,64,135,2024
EV002257,Marden,Ridge,BEV,82,175,2021
EV002258,Vantor,Arc GT,BEV,91,220,2020
EV002259,Selva,Corta+,BEV,52,100,2022
EV002260,Marden,Ridge,BEV,82,175,2025
EV002261,Marden,Ridge,BEV,82,175,2021
EV002262,Marden,Ridge XL,BEV,105,250,2026
EV002263,Aurex,Lumen,BEV,58,120,2023
EV002264,Vantor,Arc,BEV,64,135,2026
EV002265,Aurex,Lumen,BEV,58,120,2020
EV002266,Selva,Corta,BEV,42,85,2025
EV002267,Selva,Corta+,BEV,52,100,2020
EV002268,Vantor,Arc,BEV,64,135,2022
EV002269,Aurex,Lumen,BEV,58,120,2020
EV002270,Selva,Corta,BEV,42,85,2026
EV002271,Aurex,Lumen LR,BEV,77,150,2023
EV002272,Aurex,Lumen LR,BEV,77,150,2023
EV002273,Vantor,Arc GT,BEV,91,220,2019
EV002274,Selva,Corta PHV,PHEV,9,4,2020
EV002275,Vantor,Arc GT,BEV,91,220,2022
EV002276,Marden,Ridge,BEV,82,175,2023
EV002277,Vantor,Arc GT,BEV,91,220,2019
EV002278,Vantor,Arc GT,BEV,91,220,2025
EV002279,Aurex,Lumen LR,BEV,77,150,2023
EV002280,Aurex,Lumen LR,BEV,77,150,2024
EV002281,Marden,Ridge XL,BEV,105,250,2019
EV002282,Vantor,Arc GT,BEV,91,220,2025
EV002283,Vantor,Arc,BEV,64,135,2020
EV002284,Marden,Ridge PHV,PHEV,18,7,2019
EV002285,Aurex,Lumen PHV,PHEV,14,7,2023
EV002286,Vantor,Arc,BEV,64,135,2026
EV002287,Vantor,Arc GT,BEV,91,220,2026
EV002288,Selva,Corta+,BEV,52,100,2026
EV002289,Aurex,Lumen LR,BEV,77,150,2022
EV002290,Vantor,Arc GT,BEV,91,220,2023
EV002291,Vantor,Arc,BEV,64,135,2022
EV002292,Marden,Ridge XL,BEV,105,250,2026
EV002293,Aurex,Lumen,BEV,58,120,2026
EV002294,Marden,Ridge PHV,PHEV,18,7,2020
EV002295,Vantor,Arc,BEV,64,135,2023
EV002296,Vantor,Arc GT,BEV,91,220,2021
EV002297,Aurex,Lumen,BEV,58,120,2025
EV002298,Vantor,Arc PHV,PHEV,11,7,2020
EV002299,Marden,Ridge XL,BEV,105,250,2022
EV002300,Aurex,Lumen,BEV,58,120,2024
EV002301,Selva,Corta,BEV,42,85,2026
EV002302,Vantor,Arc GT,BEV,91,220,2026
EV002303,Selva,Corta+,BEV,52,100,2025
EV002304,Vantor,Arc GT,BEV,91,220,2026
EV002305,Selva,Corta PHV,PHEV,9,4,2019
EV002306,Vantor,Arc,BEV,64,135,2019
EV002307,Marden,Ridge XL,BEV,105,250,2022
EV002308,Vantor,Arc,BEV,64,135,2025
EV002309,Selva,Corta+,BEV,52,100,2019
EV002310,Vantor,Arc GT,BEV,91,220,2023
EV002311,Selva,Corta,BEV,42,85,2026
EV002312,Selva,Corta,BEV,42,85,2020
EV002313,Selva,Corta+,BEV,52,100,2022
EV002314,Aurex,Lumen,BEV,58,120,2026
EV002315,Aurex,Lumen,BEV,58,120,2024
EV002316,Marden,Ridge PHV,PHEV,18,7,2023
EV002317,Vantor,Arc,BEV,64,135,2019
EV002318,Vantor,Arc GT,BEV,91,220,2019
EV002319,Vantor,Arc,BEV,64,135,2022
EV002320,Selva,Corta+,BEV,52,100,2022
EV002321,Marden,Ridge PHV,PHEV,18,7,2019
EV002322,Vantor,Arc GT,BEV,91,220,2024
EV002323,Vantor,Arc,BEV,64,135,2026
EV002324,Vantor,Arc GT,BEV,91,220,2025
EV002325,Aurex,Lumen,BEV,58,120,2021
EV002326,Aurex,Lumen,BEV,58,120,2020
EV002327,Aurex,Lumen,BEV,58,120,2021
EV002328,Vantor,Arc,BEV,64,135,2023
EV002329,Marden,Ridge PHV,PHEV,18,7,2025
EV002330,Aurex,Lumen LR,BEV,77,150,2019
EV002331,Selva,Corta+,BEV,52,100,2023
EV002332,Aurex,Lumen LR,BEV,77,150,2026
EV002333,Aurex,Lumen,BEV,58,120,2023
EV002334,Marden,Ridge XL,BEV,105,250,2019
EV002335,Aurex,Lumen LR,BEV,77,150,2020
EV002336,Aurex,Lumen LR,BEV,77,150,2026
EV002337,Marden,Ridge XL,BEV,105,250,2023
EV002338,Vantor,Arc,BEV,64,135,2023
EV002339,Aurex,Lumen LR,BEV,77,150,2023
EV002340,Selva,Corta PHV,PHEV,9,4,2025
EV002341,Aurex,Lumen LR,BEV,77,150,2022
EV002342,Marden,Ridge XL,BEV,105,250,2024
EV002343,Vantor,Arc,BEV,64,135,2022
EV002344,Selva,Corta+,BEV,52,100,2023
EV002345,Vantor,Arc,BEV,64,135,2021
EV002346,Vantor,Arc GT,BEV,91,220,2022
EV002347,Vantor,Arc PHV,PHEV,11,7,2019
EV002348,Vantor,Arc PHV,PHEV,11,7,2020
EV002349,Aurex,Lumen LR,BEV,77,150,2019
EV002350,Marden,Ridge,BEV,82,175,2021
EV002351,Aurex,Lumen LR,BEV,77,150,2020
EV002352,Vantor,Arc,BEV,64,135,2019
EV002353,Aurex,Lumen,BEV,58,120,2026
EV002354,Selva,Corta+,BEV,52,100,2021
EV002355,Marden,Ridge,BEV,82,175,2024
EV002356,Marden,Ridge,BEV,82,175,2024
EV002357,Marden,Ridge XL,BEV,105,250,2019
EV002358,Vantor,Arc GT,BEV,91,220,2023
EV002359,Aurex,Lumen LR,BEV,77,150,2023
EV002360,Aurex,Lumen,BEV,58,120,2023
EV002361,Selva,Corta,BEV,42,85,2024
EV002362,Vantor,Arc PHV,PHEV,11,7,2023
EV002363,Selva,Corta,BEV,42,85,2025
EV002364,Selva,Corta+,BEV,52,100,2026
EV002365,Vantor,Arc PHV,PHEV,11,7,2024
EV002366,Marden,Ridge XL,BEV,105,250,2025
EV002367,Marden,Ridge,BEV,82,175,2022
EV002368,Selva,Corta+,BEV,52,100,2021
EV002369,Vantor,Arc,BEV,64,135,2026
EV002370,Marden,Ridge,BEV,82,175,2023
EV002371,Vantor,Arc GT,BEV,91,220,2026
EV002372,Marden,Ridge,BEV,82,175,2026
EV002373,Vantor,Arc,BEV,64,135,2022
EV002374,Selva,Corta PHV,PHEV,9,4,2021
EV002375,Aurex,Lumen LR,BEV,77,150,2020
EV002376,Marden,Ridge XL,BEV,105,250,2024
EV002377,Aurex,Lumen PHV,PHEV,14,7,2019
EV002378,Aurex,Lumen LR,BEV,77,150,2024
EV002379,Marden,Ridge XL,BEV,105,250,2021
EV002380,Selva,Corta+,BEV,52,100,2024
EV002381,Selva,Corta+,BEV,52,100,2021
EV002382,Vantor,Arc,BEV,64,135,2023
EV002383,Vantor,Arc GT,BEV,91,220,2026
EV002384,Vantor,Arc,BEV,64,135,2024
EV002385,Selva,Corta,BEV,42,85,2019
EV002386,Selva,Corta+,BEV,52,100,2022
EV002387,Marden,Ridge,BEV,82,175,2023
EV002388,Marden,Ridge,BEV,82,175,2026
EV002389,Vantor,Arc GT,BEV,91,220,2023
EV002390,Vantor,Arc GT,BEV,91,220,2023
EV002391,Marden,Ridge XL,BEV,105,250,2021
EV002392,Marden,Ridge PHV,PHEV,18,7,2021
EV002393,Vantor,Arc,BEV,64,135,2022
EV002394,Vantor,Arc GT,BEV,91,220,2024
EV002395,Vantor,Arc,BEV,64,135,2025
EV002396,Marden,Ridge PHV,PHEV,18,7,2024
EV002397,Aurex,Lumen,BEV,58,120,2020
EV002398,Aurex,Lumen PHV,PHEV,14,7,2026
EV002399,Marden,Ridge XL,BEV,105,250,2024
EV002400,Vantor,Arc GT,BEV,91,220,2024
EV002401,Marden,Ridge,BEV,82,175,2025
EV002402,Vantor,Arc GT,BEV,91,220,2023
EV002403,Selva,Corta+,BEV,52,100,2025
EV002404,Vantor,Arc GT,BEV,91,220,2021
EV002405,Vantor,Arc PHV,PHEV,11,7,2026
EV002406,Selva,Corta,BEV,42,85,2022
EV002407,Marden,Ridge XL,BEV,105,250,2024
EV002408,Selva,Corta+,BEV,52,100,2021
EV002409,Vantor,Arc GT,BEV,91,220,2023
EV002410,Selva,Corta PHV,PHEV,9,4,2023
EV002411,Aurex,Lumen LR,BEV,77,150,2019
EV002412,Vantor,Arc PHV,PHEV,11,7,2025
EV002413,Marden,Ridge PHV,PHEV,18,7,2025
EV002414,Marden,Ridge XL,BEV,105,250,2023
EV002415,Selva,Corta+,BEV,52,100,2024
EV002416,Selva,Corta+,BEV,52,100,2020
EV002417,Vantor,Arc PHV,PHEV,11,7,2024
EV002418,Vantor,Arc GT,BEV,91,220,2019
EV002419,Marden,Ridge XL,BEV,105,250,2020
EV002420,Marden,Ridge XL,BEV,105,250,2026
EV002421,Marden,Ridge XL,BEV,105,250,2026
EV002422,Selva,Corta,BEV,42,85,2021
EV002423,Marden,Ridge,BEV,82,175,2025
EV002424,Aurex,Lumen,BEV,58,120,2024
EV002425,Aurex,Lumen,BEV,58,120,2025
EV002426,Aurex,Lumen,BEV,58,120,2026
EV002427,Marden,Ridge,BEV,82,175,2021
EV002428,Vantor,Arc GT,BEV,91,220,2026
EV002429,Vantor,Arc PHV,PHEV,11,7,2023
EV002430,Aurex,Lumen,BEV,58,120,2023
EV002431,Aurex,Lumen LR,BEV,77,150,2022
EV002432,Marden,Ridge XL,BEV,105,250,2026
EV002433,Vantor,Arc GT,BEV,91,220,2026
EV002434,Vantor,Arc,BEV,64,135,2022
EV002435,Marden,Ridge XL,BEV,105,250,2020
EV002436,Vantor,Arc,BEV,64,135,2026
EV002437,Marden,Ridge PHV,PHEV,18,7,2020
EV002438,Vantor,Arc,BEV,64,135,2024
EV002439,Marden,Ridge XL,BEV,105,250,2022
EV002440,Selva,Corta,BEV,42,85,2019
EV002441,Selva,Corta PHV,PHEV,9,4,2026
EV002442,Vantor,Arc,BEV,64,135,2025
EV002443,Vantor,Arc PHV,PHEV,11,7,2021
EV002444,Vantor,Arc,BEV,64,135,2020
EV002445,Selva,Corta,BEV,42,85,2023
EV002446,Selva,Corta+,BEV,52,100,2026
EV002447,Selva,Corta+,BEV,52,100,2021
EV002448,Marden,Ridge,BEV,82,175,2019
EV002449,Marden,Ridge,BEV,82,175,2020
EV002450,Vantor,Arc,BEV,64,135,2025
EV002451,Aurex,Lumen,BEV,58,120,2026
EV002452,Marden,Ridge,BEV,82,175,2020
EV002453,Selva,Corta+,BEV,52,100,2019
EV002454,Selva,Corta+,BEV,52,100,2023
EV002455,Selva,Corta,BEV,42,85,2023
EV002456,Vantor,Arc PHV,PHEV,11,7,2021
EV002457,Vantor,Arc,BEV,64,135,2020
EV002458,Vantor,Arc PHV,PHEV,11,7,2026
EV002459,Aurex,Lumen LR,BEV,77,150,2025
EV002460,Marden,Ridge,BEV,82,175,2021
EV002461,Selva,Corta PHV,PHEV,9,4,2020
EV002462,Aurex,Lumen LR,BEV,77,150,2024
EV002463,Marden,Ridge XL,BEV,105,250,2022
EV002464,Vantor,Arc,BEV,64,135,2026
EV002465,Aurex,Lumen,BEV,58,120,2025
EV002466,Vantor,Arc GT,BEV,91,220,2019
EV002467,Marden,Ridge,BEV,82,175,2021
EV002468,Vantor,Arc,BEV,64,135,2024
EV002469,Selva,Corta PHV,PHEV,9,4,2019
EV002470,Aurex,Lumen,BEV,58,120,2019
EV002471,Vantor,Arc,BEV,64,135,2021
EV002472,Vantor,Arc GT,BEV,91,220,2025
EV002473,Vantor,Arc GT,BEV,91,220,2026
EV002474,Vantor,Arc,BEV,64,135,2025
EV002475,Aurex,Lumen,BEV,58,120,2020
EV002476,Aurex,Lumen LR,BEV,77,150,2020
EV002477,Vantor,Arc,BEV,64,135,2020
EV002478,Marden,Ridge,BEV,82,175,2026
EV002479,Vantor,Arc GT,BEV,91,220,2024
EV002480,Marden,Ridge,BEV,82,175,2022
EV002481,Selva,Corta,BEV,42,85,2023
EV002482,Vantor,Arc GT,BEV,91,220,2021
EV002483,Aurex,Lumen LR,BEV,77,150,2024
EV002484,Vantor,Arc,BEV,64,135,2026
EV002485,Aurex,Lumen PHV,PHEV,14,7,2024
EV002486,Selva,Corta,BEV,42,85,2022
EV002487,Vantor,Arc,BEV,64,135,2021
EV002488,Vantor,Arc,BEV,64,135,2020
EV002489,Aurex,Lumen PHV,PHEV,14,7,2025
EV002490,Marden,Ridge,BEV,82,175,2021
EV002491,Marden,Ridge,BEV,82,175,2022
EV002492,Marden,Ridge XL,BEV,105,250,2026
EV002493,Vantor,Arc,BEV,64,135,2026
EV002494,Marden,Ridge,BEV,82,175,2026
EV002495,Aurex,Lumen,BEV,58,120,2019
EV002496,Marden,Ridge,BEV,82,175,2022
EV002497,Vantor,Arc,BEV,64,135,2022
EV002498,Marden,Ridge,BEV,82,175,2022
EV002499,Vantor,Arc,BEV,64,135,2023
EV002500,Vantor,Arc GT,BEV,91,220,2023
EV002501,Marden,Ridge,BEV,82,175,2023
EV002502,Selva,Corta PHV,PHEV,9,4,2025
EV002503,Vantor,Arc GT,BEV,91,220,2024
EV002504,Aurex,Lumen LR,BEV,77,150,2019
EV002505,Aurex,Lumen LR,BEV,77,150,2021
EV002506,Marden,Ridge,BEV,82,175,2025
EV002507,Aurex,Lumen PHV,PHEV,14,7,2025
EV002508,Aurex,Lumen,BEV,58,120,2026
EV002509,Vantor,Arc GT,BEV,91,220,2023
EV002510,Aurex,Lumen LR,BEV,77,150,2022
EV002511,Selva,Corta PHV,PHEV,9,4,2026
EV002512,Aurex,Lumen LR,BEV,77,150,2022
EV002513,Aurex,Lumen,BEV,58,120,2020
EV002514,Marden,Ridge XL,BEV,105,250,2026
EV002515,Marden,Ridge PHV,PHEV,18,7,2022
EV002516,Marden,Ridge XL,BEV,105,250,2022
EV002517,Aurex,Lumen LR,BEV,77,150,2025
EV002518,Vantor,Arc GT,BEV,91,220,2022
EV002519,Selva,Corta,BEV,42,85,2026
EV002520,Aurex,Lumen PHV,PHEV,14,7,2025
EV002521,Marden,Ridge,BEV,82,175,2020
EV002522,Aurex,Lumen,BEV,58,120,2022
EV002523,Selva,Corta,BEV,42,85,2019
EV002524,Marden,Ridge XL,BEV,105,250,2024
EV002525,Selva,Corta,BEV,42,85,2022
EV002526,Marden,Ridge,BEV,82,175,2021
EV002527,Marden,Ridge PHV,PHEV,18,7,2019
EV002528,Marden,Ridge PHV,PHEV,18,7,2024
EV002529,Marden,Ridge XL,BEV,105,250,2019
EV002530,Selva,Corta+,BEV,52,100,2021
EV002531,Vantor,Arc,BEV,64,135,2023
EV002532,Aurex,Lumen LR,BEV,77,150,2025
EV002533,Aurex,Lumen LR,BEV,77,150,2021
EV002534,Selva,Corta+,BEV,52,100,2022
EV002535,Marden,Ridge XL,BEV,105,250,2025
EV002536,Marden,Ridge XL,BEV,105,250,2026
EV002537,Vantor,Arc PHV,PHEV,11,7,2025
EV002538,Vantor,Arc,BEV,64,135,2023
EV002539,Vantor,Arc GT,BEV,91,220,2020
EV002540,Aurex,Lumen LR,BEV,77,150,2025
EV002541,Selva,Corta+,BEV,52,100,2025
EV002542,Selva,Corta PHV,PHEV,9,4,2022
EV002543,Marden,Ridge,BEV,82,175,2024
EV002544,Selva,Corta,BEV,42,85,2024
EV002545,Aurex,Lumen LR,BEV,77,150,2020
EV002546,Marden,Ridge XL,BEV,105,250,2021
EV002547,Aurex,Lumen PHV,PHEV,14,7,2025
EV002548,Marden,Ridge XL,BEV,105,250,2023
EV002549,Vantor,Arc,BEV,64,135,2019
EV002550,Vantor,Arc GT,BEV,91,220,2024
EV002551,Selva,Corta+,BEV,52,100,2022
EV002552,Vantor,Arc PHV,PHEV,11,7,2020
EV002553,Vantor,Arc,BEV,64,135,2020
EV002554,Vantor,Arc GT,BEV,91,220,2023
EV002555,Aurex,Lumen,BEV,58,120,2021
EV002556,Aurex,Lumen,BEV,58,120,2026
EV002557,Vantor,Arc,BEV,64,135,2021
EV002558,Marden,Ridge XL,BEV,105,250,2020
EV002559,Marden,Ridge,BEV,82,175,2019
EV002560,Selva,Corta,BEV,42,85,2022
EV002561,Vantor,Arc GT,BEV,91,220,2020
EV002562,Vantor,Arc,BEV,64,135,2025
EV002563,Marden,Ridge XL,BEV,105,250,2024
EV002564,Selva,Corta,BEV,42,85,2022
EV002565,Aurex,Lumen,BEV,58,120,2026
EV002566,Selva,Corta+,BEV,52,100,2019
EV002567,Marden,Ridge PHV,PHEV,18,7,2020
EV002568,Aurex,Lumen,BEV,58,120,2023
EV002569,Marden,Ridge PHV,PHEV,18,7,2020
EV002570,Aurex,Lumen,BEV,58,120,2022
EV002571,Vantor,Arc,BEV,64,135,2019
EV002572,Marden,Ridge PHV,PHEV,18,7,2026
EV002573,Marden,Ridge PHV,PHEV,18,7,2025
EV002574,Aurex,Lumen LR,BEV,77,150,2024
EV002575,Marden,Ridge,BEV,82,175,2026
EV002576,Selva,Corta+,BEV,52,100,2025
EV002577,Vantor,Arc GT,BEV,91,220,2021
EV002578,Marden,Ridge XL,BEV,105,250,2021
EV002579,Selva,Corta+,BEV,52,100,2023
EV002580,Vantor,Arc,BEV,64,135,2026
EV002581,Selva,Corta,BEV,42,85,2021
EV002582,Marden,Ridge,BEV,82,175,2025
EV002583,Selva,Corta+,BEV,52,100,2026
EV002584,Selva,Corta,BEV,42,85,2019
EV002585,Marden,Ridge,BEV,82,175,2021
EV002586,Aurex,Lumen LR,BEV,77,150,2024
EV002587,Aurex,Lumen,BEV,58,120,2021
EV002588,Aurex,Lumen,BEV,58,120,2026
EV002589,Selva,Corta+,BEV,52,100,2022
EV002590,Vantor,Arc GT,BEV,91,220,2024
EV002591,Marden,Ridge XL,BEV,105,250,2021
EV002592,Marden,Ridge PHV,PHEV,18,7,2026
EV002593,Aurex,Lumen LR,BEV,77,150,2023
EV002594,Vantor,Arc GT,BEV,91,220,2021
EV002595,Vantor,Arc GT,BEV,91,220,2026
EV002596,Selva,Corta+,BEV,52,100,2023
EV002597,Vantor,Arc PHV,PHEV,11,7,2022
EV002598,Selva,Corta+,BEV,52,100,2023
EV002599,Vantor,Arc,BEV,64,135,2021
EV002600,Marden,Ridge,BEV,82,175,2021
EV002601,Vantor,Arc GT,BEV,91,220,2020
EV002602,Selva,Corta+,BEV,52,100,2025
EV002603,Aurex,Lumen,BEV,58,120,2021
EV002604,Selva,Corta+,BEV,52,100,2022
EV002605,Selva,Corta,BEV,42,85,2024
EV002606,Selva,Corta+,BEV,52,100,2024
EV002607,Selva,Corta+,BEV,52,100,2020
EV002608,Selva,Corta+,BEV,52,100,2025
EV002609,Marden,Ridge,BEV,82,175,2026
EV002610,Aurex,Lumen LR,BEV,77,150,2024
EV002611,Marden,Ridge,BEV,82,175,2024
EV002612,Selva,Corta+,BEV,52,100,2019
EV002613,Marden,Ridge,BEV,82,175,2022
EV002614,Vantor,Arc GT,BEV,91,220,2019
EV002615,Aurex,Lumen,BEV,58,120,2019
EV002616,Vantor,Arc PHV,PHEV,11,7,2025
EV002617,Marden,Ridge XL,BEV,105,250,2020
EV002618,Marden,Ridge PHV,PHEV,18,7,2024
EV002619,Selva,Corta,BEV,42,85,2021
EV002620,Aurex,Lumen PHV,PHEV,14,7,2020
EV002621,Aurex,Lumen PHV,PHEV,14,7,2025
EV002622,Selva,Corta+,BEV,52,100,2020
EV002623,Aurex,Lumen PHV,PHEV,14,7,2026
EV002624,Marden,Ridge XL,BEV,105,250,2022
EV002625,Aurex,Lumen,BEV,58,120,2026
EV002626,Aurex,Lumen LR,BEV,77,150,2020
EV002627,Vantor,Arc GT,BEV,91,220,2025
EV002628,Selva,Corta,BEV,42,85,2026
EV002629,Marden,Ridge,BEV,82,175,2025
EV002630,Selva,Corta+,BEV,52,100,2020
EV002631,Aurex,Lumen PHV,PHEV,14,7,2022
EV002632,Marden,Ridge XL,BEV,105,250,2026
EV002633,Aurex,Lumen,BEV,58,120,2019
EV002634,Vantor,Arc GT,BEV,91,220,2024
EV002635,Aurex,Lumen PHV,PHEV,14,7,2023
EV002636,Marden,Ridge,BEV,82,175,2023
EV002637,Aurex,Lumen,BEV,58,120,2023
EV002638,Selva,Corta+,BEV,52,100,2024
EV002639,Aurex,Lumen LR,BEV,77,150,2025
EV002640,Selva,Corta,BEV,42,85,2024
EV002641,Marden,Ridge PHV,PHEV,18,7,2019
EV002642,Aurex,Lumen,BEV,58,120,2021
EV002643,Marden,Ridge XL,BEV,105,250,2023
EV002644,Selva,Corta,BEV,42,85,2022
EV002645,Marden,Ridge PHV,PHEV,18,7,2023
EV002646,Marden,Ridge XL,BEV,105,250,2019
EV002647,Aurex,Lumen,BEV,58,120,2023
EV002648,Selva,Corta+,BEV,52,100,2019
EV002649,Marden,Ridge XL,BEV,105,250,2019
EV002650,Vantor,Arc,BEV,64,135,2026
EV002651,Marden,Ridge,BEV,82,175,2025
EV002652,Vantor,Arc,BEV,64,135,2025
EV002653,Aurex,Lumen LR,BEV,77,150,2020
EV002654,Vantor,Arc GT,BEV,91,220,2025
EV002655,Vantor,Arc,BEV,64,135,2019
EV002656,Selva,Corta PHV,PHEV,9,4,2019
EV002657,Vantor,Arc,BEV,64,135,2023
EV002658,Vantor,Arc GT,BEV,91,220,2023
EV002659,Selva,Corta,BEV,42,85,2019
EV002660,Marden,Ridge,BEV,82,175,2024
EV002661,Marden,Ridge PHV,PHEV,18,7,2026
EV002662,Selva,Corta+,BEV,52,100,2022
EV002663,Marden,Ridge XL,BEV,105,250,2023
EV002664,Aurex,Lumen LR,BEV,77,150,2022
EV002665,Marden,Ridge,BEV,82,175,2026
EV002666,Aurex,Lumen LR,BEV,77,150,2024
EV002667,Aurex,Lumen PHV,PHEV,14,7,2024
EV002668,Selva,Corta+,BEV,52,100,2019
EV002669,Aurex,Lumen LR,BEV,77,150,2024
EV002670,Marden,Ridge XL,BEV,105,250,2022
EV002671,Selva,Corta,BEV,42,85,2024
EV002672,Selva,Corta,BEV,42,85,2021
EV002673,Aurex,Lumen,BEV,58,120,2020
EV002674,Vantor,Arc PHV,PHEV,11,7,2022
EV002675,Selva,Corta,BEV,42,85,2022
EV002676,Marden,Ridge XL,BEV,105,250,2023
EV002677,Aurex,Lumen,BEV,58,120,2019
EV002678,Marden,Ridge,BEV,82,175,2022
EV002679,Vantor,Arc GT,BEV,91,220,2024
EV002680,Selva,Corta,BEV,42,85,2026
EV002681,Selva,Corta+,BEV,52,100,2019
EV002682,Marden,Ridge XL,BEV,105,250,2026
EV002683,Vantor,Arc PHV,PHEV,11,7,2021
EV002684,Aurex,Lumen LR,BEV,77,150,2025
EV002685,Marden,Ridge XL,BEV,105,250,2019
EV002686,Aurex,Lumen LR,BEV,77,150,2025
EV002687,Aurex,Lumen,BEV,58,120,2026
EV002688,Vantor,Arc,BEV,64,135,2023
EV002689,Vantor,Arc,BEV,64,135,2023
EV002690,Marden,Ridge XL,BEV,105,250,2021
EV002691,Selva,Corta+,BEV,52,100,2020
EV002692,Vantor,Arc GT,BEV,91,220,2025
EV002693,Marden,Ridge XL,BEV,105,250,2026
EV002694,Selva,Corta PHV,PHEV,9,4,2019
EV002695,Selva,Corta+,BEV,52,100,2025
EV002696,Marden,Ridge,BEV,82,175,2023
EV002697,Marden,Ridge XL,BEV,105,250,2025
EV002698,Vantor,Arc,BEV,64,135,2024
EV002699,Marden,Ridge PHV,PHEV,18,7,2026
EV002700,Aurex,Lumen LR,BEV,77,150,2019
EV002701,Aurex,Lumen,BEV,58,120,2019
EV002702,Marden,Ridge XL,BEV,105,250,2020
EV002703,Aurex,Lumen LR,BEV,77,150,2019
EV002704,Vantor,Arc GT,BEV,91,220,2024
EV002705,Selva,Corta,BEV,42,85,2023
EV002706,Aurex,Lumen LR,BEV,77,150,2025
EV002707,Vantor,Arc GT,BEV,91,220,2026
EV002708,Vantor,Arc GT,BEV,91,220,2022
EV002709,Aurex,Lumen,BEV,58,120,2025
EV002710,Selva,Corta+,BEV,52,100,2023
EV002711,Selva,Corta,BEV,42,85,2025
EV002712,Aurex,Lumen LR,BEV,77,150,2024
EV002713,Marden,Ridge XL,BEV,105,250,2022
EV002714,Vantor,Arc GT,BEV,91,220,2023
EV002715,Aurex,Lumen,BEV,58,120,2020
EV002716,Aurex,Lumen PHV,PHEV,14,7,2022
EV002717,Vantor,Arc GT,BEV,91,220,2019
EV002718,Aurex,Lumen,BEV,58,120,2024
EV002719,Vantor,Arc,BEV,64,135,2019
EV002720,Vantor,Arc,BEV,64,135,2024
EV002721,Aurex,Lumen,BEV,58,120,2026
EV002722,Vantor,Arc GT,BEV,91,220,2025
EV002723,Aurex,Lumen LR,BEV,77,150,2022
EV002724,Aurex,Lumen LR,BEV,77,150,2023
EV002725,Marden,Ridge,BEV,82,175,2024
EV002726,Aurex,Lumen LR,BEV,77,150,2024
EV002727,Aurex,Lumen,BEV,58,120,2022
EV002728,Aurex,Lumen LR,BEV,77,150,2020
EV002729,Vantor,Arc,BEV,64,135,2020
EV002730,Aurex,Lumen LR,BEV,77,150,2020
EV002731,Selva,Corta+,BEV,52,100,2019
EV002732,Aurex,Lumen PHV,PHEV,14,7,2025
EV002733,Marden,Ridge XL,BEV,105,250,2022
EV002734,Selva,Corta,BEV,42,85,2020
EV002735,Marden,Ridge XL,BEV,105,250,2025
EV002736,Marden,Ridge XL,BEV,105,250,2022
EV002737,Selva,Corta+,BEV,52,100,2025
EV002738,Marden,Ridge XL,BEV,105,250,2026
EV002739,Vantor,Arc GT,BEV,91,220,2021
EV002740,Marden,Ridge,BEV,82,175,2020
EV002741,Selva,Corta,BEV,42,85,2020
EV002742,Marden,Ridge,BEV,82,175,2024
EV002743,Marden,Ridge,BEV,82,175,2023
EV002744,Aurex,Lumen,BEV,58,120,2020
EV002745,Marden,Ridge XL,BEV,105,250,2024
EV002746,Aurex,Lumen,BEV,58,120,2024
EV002747,Vantor,Arc GT,BEV,91,220,2026
EV002748,Selva,Corta+,BEV,52,100,2025
EV002749,Marden,Ridge XL,BEV,105,250,2021
EV002750,Aurex,Lumen,BEV,58,120,2025
EV002751,Marden,Ridge,BEV,82,175,2023
EV002752,Vantor,Arc GT,BEV,91,220,2025
EV002753,Aurex,Lumen,BEV,58,120,2026
EV002754,Vantor,Arc GT,BEV,91,220,2023
EV002755,Selva,Corta+,BEV,52,100,2019
EV002756,Aurex,Lumen,BEV,58,120,2023
EV002757,Marden,Ridge XL,BEV,105,250,2026
EV002758,Aurex,Lumen,BEV,58,120,2020
EV002759,Vantor,Arc,BEV,64,135,2020
EV002760,Vantor,Arc GT,BEV,91,220,2019
EV002761,Aurex,Lumen,BEV,58,120,2025
EV002762,Vantor,Arc PHV,PHEV,11,7,2024
EV002763,Selva,Corta PHV,PHEV,9,4,2022
EV002764,Vantor,Arc PHV,PHEV,11,7,2019
EV002765,Aurex,Lumen LR,BEV,77,150,2026
EV002766,Marden,Ridge XL,BEV,105,250,2026
EV002767,Vantor,Arc GT,BEV,91,220,2021
EV002768,Vantor,Arc,BEV,64,135,2020
EV002769,Marden,Ridge,BEV,82,175,2026
EV002770,Aurex,Lumen,BEV,58,120,2024
EV002771,Aurex,Lumen,BEV,58,120,2022
EV002772,Vantor,Arc PHV,PHEV,11,7,2022
EV002773,Vantor,Arc GT,BEV,91,220,2024
EV002774,Marden,Ridge XL,BEV,105,250,2023
EV002775,Vantor,Arc GT,BEV,91,220,2020
EV002776,Aurex,Lumen,BEV,58,120,2025
EV002777,Selva,Corta,BEV,42,85,2020
EV002778,Aurex,Lumen LR,BEV,77,150,2021
EV002779,Aurex,Lumen,BEV,58,120,2025
EV002780,Aurex,Lumen,BEV,58,120,2025
EV002781,Vantor,Arc GT,BEV,91,220,2024
EV002782,Vantor,Arc,BEV,64,135,2025
EV002783,Vantor,Arc GT,BEV,91,220,2020
EV002784,Selva,Corta PHV,PHEV,9,4,2023
EV002785,Marden,Ridge XL,BEV,105,250,2019
EV002786,Marden,Ridge,BEV,82,175,2023
EV002787,Vantor,Arc,BEV,64,135,2025
EV002788,Marden,Ridge,BEV,82,175,2022
EV002789,Marden,Ridge,BEV,82,175,2023
EV002790,Selva,Corta,BEV,42,85,2026
EV002791,Vantor,Arc,BEV,64,135,2021
EV002792,Aurex,Lumen LR,BEV,77,150,2022
EV002793,Vantor,Arc GT,BEV,91,220,2022
EV002794,Vantor,Arc,BEV,64,135,2020
EV002795,Aurex,Lumen PHV,PHEV,14,7,2023
EV002796,Selva,Corta,BEV,42,85,2023
EV002797,Marden,Ridge,BEV,82,175,2022
EV002798,Aurex,Lumen PHV,PHEV,14,7,2026
EV002799,Selva,Corta+,BEV,52,100,2026
EV002800,Aurex,Lumen LR,BEV,77,150,2026
EV002801,Vantor,Arc,BEV,64,135,2023
EV002802,Vantor,Arc PHV,PHEV,11,7,2023
EV002803,Aurex,Lumen,BEV,58,120,2019
EV002804,Vantor,Arc,BEV,64,135,2022
EV002805,Selva,Corta+,BEV,52,100,2021
EV002806,Marden,Ridge XL,BEV,105,250,2024
EV002807,Marden,Ridge XL,BEV,105,250,2025
EV002808,Marden,Ridge,BEV,82,175,2023
EV002809,Marden,Ridge,BEV,82,175,2019
EV002810,Vantor,Arc GT,BEV,91,220,2025
EV002811,Aurex,Lumen,BEV,58,120,2023
EV002812,Selva,Corta+,BEV,52,100,2025
EV002813,Aurex,Lumen,BEV,58,120,2021
EV002814,Marden,Ridge XL,BEV,105,250,2024
EV002815,Aurex,Lumen LR,BEV,77,150,2025
EV002816,Aurex,Lumen,BEV,58,120,2026
EV002817,Marden,Ridge PHV,PHEV,18,7,2026
EV002818,Aurex,Lumen LR,BEV,77,150,2024
EV002819,Selva,Corta+,BEV,52,100,2019
EV002820,Aurex,Lumen,BEV,58,120,2026
EV002821,Marden,Ridge PHV,PHEV,18,7,2021
EV002822,Aurex,Lumen,BEV,58,120,2024
EV002823,Marden,Ridge,BEV,82,175,2022
EV002824,Marden,Ridge XL,BEV,105,250,2020
EV002825,Vantor,Arc,BEV,64,135,2026
EV002826,Aurex,Lumen,BEV,58,120,2024
EV002827,Aurex,Lumen,BEV,58,120,2021
EV002828,Aurex,Lumen,BEV,58,120,2025
EV002829,Marden,Ridge,BEV,82,175,2026
EV002830,Selva,Corta,BEV,42,85,2022
EV002831,Aurex,Lumen PHV,PHEV,14,7,2021
EV002832,Selva,Corta+,BEV,52,100,2020
EV002833,Selva,Corta+,BEV,52,100,2021
EV002834,Aurex,Lumen LR,BEV,77,150,2021
EV002835,Vantor,Arc,BEV,64,135,2026
EV002836,Marden,Ridge PHV,PHEV,18,7,2025
EV002837,Selva,Corta PHV,PHEV,9,4,2022
EV002838,Selva,Corta,BEV,42,85,2020
EV002839,Marden,Ridge XL,BEV,105,250,2024
EV002840,Marden,Ridge,BEV,82,175,2019
EV002841,Vantor,Arc,BEV,64,135,2023
EV002842,Aurex,Lumen LR,BEV,77,150,2026
EV002843,Marden,Ridge,BEV,82,175,2022
EV002844,Selva,Corta PHV,PHEV,9,4,2026
EV002845,Marden,Ridge PHV,PHEV,18,7,2024
EV002846,Vantor,Arc GT,BEV,91,220,2025
EV002847,Aurex,Lumen,BEV,58,120,2021
EV002848,Vantor,Arc,BEV,64,135,2025
EV002849,Aurex,Lumen,BEV,58,120,2022
EV002850,Marden,Ridge PHV,PHEV,18,7,2024
EV002851,Vantor,Arc,BEV,64,135,2022
EV002852,Marden,Ridge XL,BEV,105,250,2023
EV002853,Vantor,Arc,BEV,64,135,2019
EV002854,Selva,Corta PHV,PHEV,9,4,2024
EV002855,Selva,Corta,BEV,42,85,2026
EV002856,Marden,Ridge XL,BEV,105,250,2024
EV002857,Selva,Corta+,BEV,52,100,2021
EV002858,Marden,Ridge XL,BEV,105,250,2021
EV002859,Aurex,Lumen,BEV,58,120,2026
EV002860,Aurex,Lumen,BEV,58,120,2020
EV002861,Vantor,Arc GT,BEV,91,220,2024
EV002862,Aurex,Lumen PHV,PHEV,14,7,2024
EV002863,Vantor,Arc PHV,PHEV,11,7,2024
EV002864,Marden,Ridge,BEV,82,175,2023
EV002865,Selva,Corta+,BEV,52,100,2026
EV002866,Aurex,Lumen,BEV,58,120,2026
EV002867,Vantor,Arc PHV,PHEV,11,7,2022
EV002868,Marden,Ridge,BEV,82,175,2022
EV002869,Selva,Corta+,BEV,52,100,2020
EV002870,Marden,Ridge XL,BEV,105,250,2022
EV002871,Vantor,Arc,BEV,64,135,2026
EV002872,Selva,Corta+,BEV,52,100,2019
EV002873,Marden,Ridge,BEV,82,175,2019
EV002874,Marden,Ridge,BEV,82,175,2019
EV002875,Aurex,Lumen,BEV,58,120,2021
EV002876,Marden,Ridge,BEV,82,175,2020
EV002877,Vantor,Arc PHV,PHEV,11,7,2024
EV002878,Selva,Corta+,BEV,52,100,2023
EV002879,Aurex,Lumen LR,BEV,77,150,2026
EV002880,Vantor,Arc PHV,PHEV,11,7,2026
EV002881,Aurex,Lumen,BEV,58,120,2021
EV002882,Vantor,Arc,BEV,64,135,2019
EV002883,Marden,Ridge XL,BEV,105,250,2026
EV002884,Selva,Corta+,BEV,52,100,2020
EV002885,Vantor,Arc GT,BEV,91,220,2019
EV002886,Marden,Ridge XL,BEV,105,250,2024
EV002887,Selva,Corta+,BEV,52,100,2025
EV002888,Aurex,Lumen LR,BEV,77,150,2021
EV002889,Vantor,Arc,BEV,64,135,2023
EV002890,Marden,Ridge XL,BEV,105,250,2019
EV002891,Marden,Ridge XL,BEV,105,250,2021
EV002892,Aurex,Lumen,BEV,58,120,2026
EV002893,Selva,Corta,BEV,42,85,2025
EV002894,Marden,Ridge,BEV,82,175,2020
EV002895,Vantor,Arc,BEV,64,135,2026
EV002896,Aurex,Lumen,BEV,58,120,2022
EV002897,Vantor,Arc GT,BEV,91,220,2021
EV002898,Selva,Corta PHV,PHEV,9,4,2025
EV002899,Marden,Ridge,BEV,82,175,2021
EV002900,Aurex,Lumen LR,BEV,77,150,2025
EV002901,Marden,Ridge XL,BEV,105,250,2019
EV002902,Marden,Ridge,BEV,82,175,2026
EV002903,Vantor,Arc,BEV,64,135,2025
EV002904,Vantor,Arc,BEV,64,135,2023
EV002905,Aurex,Lumen LR,BEV,77,150,2026
EV002906,Vantor,Arc GT,BEV,91,220,2020
EV002907,Vantor,Arc GT,BEV,91,220,2019
EV002908,Vantor,Arc,BEV,64,135,2019
EV002909,Aurex,Lumen PHV,PHEV,14,7,2023
EV002910,Marden,Ridge XL,BEV,105,250,2024
EV002911,Selva,Corta,BEV,42,85,2022
EV002912,Selva,Corta PHV,PHEV,9,4,2023
EV002913,Marden,Ridge,BEV,82,175,2025
EV002914,Selva,Corta PHV,PHEV,9,4,2020
EV002915,Marden,Ridge XL,BEV,105,250,2020
EV002916,Selva,Corta+,BEV,52,100,2020
EV002917,Marden,Ridge,BEV,82,175,2025
EV002918,Marden,Ridge XL,BEV,105,250,2021
EV002919,Marden,Ridge,BEV,82,175,2026
EV002920,Aurex,Lumen PHV,PHEV,14,7,2021
EV002921,Vantor,Arc GT,BEV,91,220,2023
EV002922,Vantor,Arc GT,BEV,91,220,2021
EV002923,Vantor,Arc,BEV,64,135,2022
EV002924,Vantor,Arc PHV,PHEV,11,7,2021
EV002925,Vantor,Arc PHV,PHEV,11,7,2020
EV002926,Selva,Corta,BEV,42,85,2025
EV002927,Vantor,Arc GT,BEV,91,220,2022
EV002928,Aurex,Lumen LR,BEV,77,150,2022
EV002929,Marden,Ridge PHV,PHEV,18,7,2023
EV002930,Marden,Ridge,BEV,82,175,2025
EV002931,Selva,Corta PHV,PHEV,9,4,2022
EV002932,Selva,Corta+,BEV,52,100,2023
EV002933,Selva,Corta,BEV,42,85,2023
EV002934,Marden,Ridge,BEV,82,175,2021
EV002935,Aurex,Lumen PHV,PHEV,14,7,2019
EV002936,Marden,Ridge XL,BEV,105,250,2026
EV002937,Vantor,Arc GT,BEV,91,220,2019
EV002938,Selva,Corta,BEV,42,85,2024
EV002939,Selva,Corta PHV,PHEV,9,4,2025
EV002940,Selva,Corta,BEV,42,85,2025
EV002941,Marden,Ridge XL,BEV,105,250,2021
EV002942,Selva,Corta,BEV,42,85,2020
EV002943,Marden,Ridge XL,BEV,105,250,2019
EV002944,Aurex,Lumen,BEV,58,120,2026
EV002945,Aurex,Lumen,BEV,58,120,2026
EV002946,Aurex,Lumen,BEV,58,120,2024
EV002947,Selva,Corta,BEV,42,85,2020
EV002948,Vantor,Arc GT,BEV,91,220,2021
EV002949,Selva,Corta PHV,PHEV,9,4,2026
EV002950,Marden,Ridge PHV,PHEV,18,7,2021
EV002951,Aurex,Lumen LR,BEV,77,150,2026
EV002952,Marden,Ridge XL,BEV,105,250,2019
EV002953,Selva,Corta,BEV,42,85,2022
EV002954,Marden,Ridge XL,BEV,105,250,2019
EV002955,Vantor,Arc GT,BEV,91,220,2021
EV002956,Marden,Ridge XL,BEV,105,250,2020
EV002957,Aurex,Lumen,BEV,58,120,2026
EV002958,Selva,Corta,BEV,42,85,2021
EV002959,Vantor,Arc GT,BEV,91,220,2021
EV002960,Vantor,Arc,BEV,64,135,2023
EV002961,Vantor,Arc,BEV,64,135,2021
EV002962,Vantor,Arc GT,BEV,91,220,2022
EV002963,Selva,Corta,BEV,42,85,2022
EV002964,Selva,Corta,BEV,42,85,2019
EV002965,Marden,Ridge,BEV,82,175,2021
EV002966,Marden,Ridge XL,BEV,105,250,2020
EV002967,Selva,Corta PHV,PHEV,9,4,2019
EV002968,Marden,Ridge,BEV,82,175,2019
EV002969,Vantor,Arc,BEV,64,135,2023
EV002970,Selva,Corta+,BEV,52,100,2019
EV002971,Selva,Corta,BEV,42,85,2021
EV002972,Vantor,Arc,BEV,64,135,2021
EV002973,Vantor,Arc GT,BEV,91,220,2022
EV002974,Vantor,Arc,BEV,64,135,2024
EV002975,Selva,Corta,BEV,42,85,2022
EV002976,Aurex,Lumen,BEV,58,120,2020
EV002977,Selva,Corta,BEV,42,85,2026
EV002978,Vantor,Arc GT,BEV,91,220,2026
EV002979,Aurex,Lumen,BEV,58,120,2022
EV002980,Vantor,Arc,BEV,64,135,2026
EV002981,Marden,Ridge PHV,PHEV,18,7,2021
EV002982,Selva,Corta+,BEV,52,100,2023
EV002983,Aurex,Lumen,BEV,58,120,2026
EV002984,Selva,Corta+,BEV,52,100,2019
EV002985,Marden,Ridge,BEV,82,175,2020
EV002986,Aurex,Lumen LR,BEV,77,150,2020
EV002987,Vantor,Arc GT,BEV,91,220,2025
EV002988,Aurex,Lumen LR,BEV,77,150,2023
EV002989,Selva,Corta,BEV,42,85,2022
EV002990,Marden,Ridge XL,BEV,105,250,2026
EV002991,Vantor,Arc,BEV,64,135,2023
EV002992,Aurex,Lumen LR,BEV,77,150,2026
EV002993,Aurex,Lumen LR,BEV,77,150,2026
EV002994,Selva,Corta+,BEV,52,100,2024
EV002995,Aurex,Lumen,BEV,58,120,2019
EV002996,Selva,Corta,BEV,42,85,2026
EV002997,Marden,Ridge XL,BEV,105,250,2020
EV002998,Marden,Ridge XL,BEV,105,250,2019
EV002999,Marden,Ridge,BEV,82,175,2020
